runtime,config,config_description,pods,cpu_per_pod_m,total_cpu_m,concurrency,target_rps,achieved_rps,avg_latency_ms,median_latency_ms,p95_latency_ms,p99_latency_ms,min_latency_ms,max_latency_ms,total_requests,result_dir,avg_cpu_percent,avg_memory_percent,avg_pod_count,latency_per_cpu
python,b2,"Balanced (4 pods, 250m)",4,250,1000,10,20.0,20.0,10.7026525,9.117,19.12705,30.9099,5.91,165.424,1200,results_fibonacci_python_b2,72.09253112033196,21.49126361514523,4.0,10.7026525
python,b2,"Balanced (4 pods, 250m)",4,250,1000,10,40.0,40.0,9.821421666666668,8.4585,17.438449999999996,26.242119999999925,5.172,112.748,2400,results_fibonacci_python_b2,72.09253112033196,21.49126361514523,4.0,9.821421666666668
python,b2,"Balanced (4 pods, 250m)",4,250,1000,10,60.0,62.47,9.402373799359658,7.891,18.708449999999967,27.66077,4.878,64.89,3748,results_fibonacci_python_b2,72.09253112033196,21.49126361514523,4.0,9.402373799359658
python,b2,"Balanced (4 pods, 250m)",4,250,1000,10,80.0,82.81,10.442939826926947,8.006,21.378799999999988,49.60403999999996,4.736,227.851,4969,results_fibonacci_python_b2,72.09253112033196,21.49126361514523,4.0,10.442939826926947
python,b2,"Balanced (4 pods, 250m)",4,250,1000,10,100.0,99.28,10.027449387275476,7.798,22.132,39.04387999999999,4.401,124.961,5957,results_fibonacci_python_b2,72.09253112033196,21.49126361514523,4.0,10.027449387275476
python,b2,"Balanced (4 pods, 250m)",4,250,1000,10,120.0,122.17,11.511237893875323,8.913,26.2795,40.55029999999999,4.531,111.215,7331,results_fibonacci_python_b2,72.09253112033196,21.49126361514523,4.0,11.511237893875323
python,b2,"Balanced (4 pods, 250m)",4,250,1000,10,140.0,138.51,10.894453736012514,8.684,23.558,39.38099999999999,4.232,133.218,8311,results_fibonacci_python_b2,72.09253112033196,21.49126361514523,4.0,10.894453736012514
python,b2,"Balanced (4 pods, 250m)",4,250,1000,10,160.0,157.35,13.455761254104438,10.333,31.762,52.62840000000004,4.291,197.72,9441,results_fibonacci_python_b2,72.09253112033196,21.49126361514523,4.0,13.455761254104438
python,b2,"Balanced (4 pods, 250m)",4,250,1000,10,180.0,186.15,13.33897654431513,10.362,31.00834999999997,49.83668999999996,4.495,190.643,11170,results_fibonacci_python_b2,72.09253112033196,21.49126361514523,4.0,13.33897654431513
python,b2,"Balanced (4 pods, 250m)",4,250,1000,10,200.0,186.46,13.65168707543797,10.4655,32.19269999999999,53.94375999999964,4.125,187.726,11188,results_fibonacci_python_b2,72.09253112033196,21.49126361514523,4.0,13.65168707543797
python,b2,"Balanced (4 pods, 250m)",4,250,1000,10,220.0,227.73,14.501427034543324,11.023,34.53194999999999,55.61174,4.129,213.604,13664,results_fibonacci_python_b2,72.09253112033196,21.49126361514523,4.0,14.501427034543324
python,b2,"Balanced (4 pods, 250m)",4,250,1000,10,240.0,222.83,17.36334981301421,13.6655,40.66349999999999,64.53596999999996,4.043,151.735,13370,results_fibonacci_python_b2,72.09253112033196,21.49126361514523,4.0,17.36334981301421
python,b2,"Balanced (4 pods, 250m)",4,250,1000,10,260.0,273.61,22.869494670158986,16.268,60.82259999999996,103.40004,4.274,290.339,16417,results_fibonacci_python_b2,72.09253112033196,21.49126361514523,4.0,22.869494670158986
python,b2,"Balanced (4 pods, 250m)",4,250,1000,10,280.0,272.23,25.949472060713628,17.75,72.42209999999997,139.27009999999984,4.496,332.131,16339,results_fibonacci_python_b2,72.09253112033196,21.49126361514523,4.0,25.949472060713628
python,b2,"Balanced (4 pods, 250m)",4,250,1000,10,300.0,263.06,25.34566924050633,19.1735,61.16134999999999,108.62868000000002,4.175,358.547,15800,results_fibonacci_python_b2,72.09253112033196,21.49126361514523,4.0,25.34566924050633
python,b1,"Moderate (2 pods, 500m)",2,500,1000,5,20.0,20.0,9.984550833333332,8.522,18.470249999999982,27.9351,5.873,143.069,1200,results_fibonacci_python_b1,60.384824902723736,10.744847397859923,2.0,9.984550833333332
python,b1,"Moderate (2 pods, 500m)",2,500,1000,5,40.0,40.0,8.7623625,7.4935,15.99815,24.30312999999997,4.783,99.144,2400,results_fibonacci_python_b1,60.384824902723736,10.744847397859923,2.0,8.7623625
python,b1,"Moderate (2 pods, 500m)",2,500,1000,5,60.0,62.45,8.820158526821457,7.493,16.783499999999997,26.616859999999992,3.823,111.36,3747,results_fibonacci_python_b1,60.384824902723736,10.744847397859923,2.0,8.820158526821457
python,b1,"Moderate (2 pods, 500m)",2,500,1000,5,80.0,82.97,9.591114503816794,7.3405,20.6603,39.0793299999998,4.345,185.049,4978,results_fibonacci_python_b1,60.384824902723736,10.744847397859923,2.0,9.591114503816794
python,b1,"Moderate (2 pods, 500m)",2,500,1000,5,100.0,99.28,8.88965351687091,7.242,17.557399999999998,29.711959999999998,4.122,117.867,5957,results_fibonacci_python_b1,60.384824902723736,10.744847397859923,2.0,8.88965351687091
python,b1,"Moderate (2 pods, 500m)",2,500,1000,5,120.0,123.26,9.645687170474517,7.484,21.299,38.13703999999999,3.526,149.338,7397,results_fibonacci_python_b1,60.384824902723736,10.744847397859923,2.0,9.645687170474517
python,b1,"Moderate (2 pods, 500m)",2,500,1000,5,140.0,138.65,10.819448611611971,8.256,23.7994,43.00915999999987,3.83,187.904,8319,results_fibonacci_python_b1,60.384824902723736,10.744847397859923,2.0,10.819448611611971
python,b1,"Moderate (2 pods, 500m)",2,500,1000,5,160.0,160.18,11.487831443138072,8.162,27.2295,57.54679999999999,3.808,339.148,9611,results_fibonacci_python_b1,60.384824902723736,10.744847397859923,2.0,11.487831443138072
python,b1,"Moderate (2 pods, 500m)",2,500,1000,5,180.0,187.22,13.989455354758302,10.331,34.9804,62.77076000000003,3.799,185.698,11233,results_fibonacci_python_b1,60.384824902723736,10.744847397859923,2.0,13.989455354758302
python,b1,"Moderate (2 pods, 500m)",2,500,1000,5,200.0,188.26,13.244804266997168,9.1615,36.42725,68.23919999999994,3.685,149.714,11296,results_fibonacci_python_b1,60.384824902723736,10.744847397859923,2.0,13.244804266997168
python,b1,"Moderate (2 pods, 500m)",2,500,1000,5,220.0,223.83,21.82733864482502,14.779,59.843649999999954,109.38281999999953,3.593,234.573,13430,results_fibonacci_python_b1,60.384824902723736,10.744847397859923,2.0,21.82733864482502
python,b1,"Moderate (2 pods, 500m)",2,500,1000,5,240.0,223.68,19.410522464793974,12.854,54.975,96.85879999999987,3.599,250.894,13421,results_fibonacci_python_b1,60.384824902723736,10.744847397859923,2.0,19.410522464793974
python,b1,"Moderate (2 pods, 500m)",2,500,1000,5,260.0,277.08,34.45613730679016,26.842,86.71419999999996,126.00086000000006,3.757,257.003,16627,results_fibonacci_python_b1,60.384824902723736,10.744847397859923,2.0,34.45613730679016
python,b1,"Moderate (2 pods, 500m)",2,500,1000,5,280.0,268.31,36.14689657742717,26.602,93.94749999999988,173.90666000000022,4.155,371.431,16099,results_fibonacci_python_b1,60.384824902723736,10.744847397859923,2.0,36.14689657742717
python,b1,"Moderate (2 pods, 500m)",2,500,1000,5,300.0,272.83,33.476255052817976,25.064,85.51119999999996,133.26159999999996,3.65,364.763,16377,results_fibonacci_python_b1,60.384824902723736,10.744847397859923,2.0,33.476255052817976
python,b4,"High Horizontal (10 pods, 100m)",10,100,1000,20,20.0,20.0,11.645995833333332,8.926,20.92035,43.01975999999996,6.049,261.779,1200,results_fibonacci_python_b4,85.29816513761467,49.298039707568805,10.0,11.645995833333332
python,b4,"High Horizontal (10 pods, 100m)",10,100,1000,20,40.0,40.0,9.875225416666666,8.4755,17.785149999999987,25.368219999999784,5.29,106.153,2400,results_fibonacci_python_b4,85.29816513761467,49.298039707568805,10.0,9.875225416666666
python,b4,"High Horizontal (10 pods, 100m)",10,100,1000,20,60.0,62.45,9.5388473445423,7.819,19.4475,30.951,4.966,88.35,3747,results_fibonacci_python_b4,85.29816513761467,49.298039707568805,10.0,9.5388473445423
python,b4,"High Horizontal (10 pods, 100m)",10,100,1000,20,80.0,82.68,12.170967143721024,8.468,30.997,68.31999999999996,4.652,210.811,4961,results_fibonacci_python_b4,85.29816513761467,49.298039707568805,10.0,12.170967143721024
python,b4,"High Horizontal (10 pods, 100m)",10,100,1000,20,100.0,98.43,11.457977480528276,8.666,27.4605,44.31929999999999,4.326,97.628,5906,results_fibonacci_python_b4,85.29816513761467,49.298039707568805,10.0,11.457977480528276
python,b4,"High Horizontal (10 pods, 100m)",10,100,1000,20,120.0,121.53,12.293552934722983,9.436,27.89819999999997,44.457840000000026,4.454,200.988,7292,results_fibonacci_python_b4,85.29816513761467,49.298039707568805,10.0,12.293552934722983
python,b4,"High Horizontal (10 pods, 100m)",10,100,1000,20,140.0,138.02,12.25642845067021,9.517,28.235,45.35840000000006,4.642,114.733,8281,results_fibonacci_python_b4,85.29816513761467,49.298039707568805,10.0,12.25642845067021
python,b4,"High Horizontal (10 pods, 100m)",10,100,1000,20,160.0,157.7,14.859903720143732,11.1715,35.65349999999988,60.66020999999986,4.239,212.711,9462,results_fibonacci_python_b4,85.29816513761467,49.298039707568805,10.0,14.859903720143732
python,b4,"High Horizontal (10 pods, 100m)",10,100,1000,20,180.0,185.45,14.980049339444594,11.787,33.9131,53.65793999999994,4.61,207.217,11127,results_fibonacci_python_b4,85.29816513761467,49.298039707568805,10.0,14.980049339444594
python,b4,"High Horizontal (10 pods, 100m)",10,100,1000,20,200.0,181.53,17.56491297163316,13.329,42.3106,69.83371999999999,4.722,179.564,10893,results_fibonacci_python_b4,85.29816513761467,49.298039707568805,10.0,17.56491297163316
python,b4,"High Horizontal (10 pods, 100m)",10,100,1000,20,220.0,219.0,19.8838892694064,15.4115,47.76525,75.60218000000008,4.882,346.492,13140,results_fibonacci_python_b4,85.29816513761467,49.298039707568805,10.0,19.8838892694064
python,b4,"High Horizontal (10 pods, 100m)",10,100,1000,20,240.0,215.13,20.79969979857453,16.0675,48.53725,84.29667000000008,5.121,261.951,12908,results_fibonacci_python_b4,85.29816513761467,49.298039707568805,10.0,20.79969979857453
python,b4,"High Horizontal (10 pods, 100m)",10,100,1000,20,260.0,256.97,29.51642266035411,23.487,70.80789999999982,110.13799999999998,5.192,297.926,15419,results_fibonacci_python_b4,85.29816513761467,49.298039707568805,10.0,29.51642266035411
python,b4,"High Horizontal (10 pods, 100m)",10,100,1000,20,280.0,248.68,34.29390148113397,27.817,80.012,118.44359999999976,6.052,198.127,14921,results_fibonacci_python_b4,85.29816513761467,49.298039707568805,10.0,34.29390148113397
python,b4,"High Horizontal (10 pods, 100m)",10,100,1000,20,300.0,259.79,26.38243469335386,20.6425,63.2539,103.50109999999988,5.077,269.164,15588,results_fibonacci_python_b4,85.29816513761467,49.298039707568805,10.0,26.38243469335386
python,b3,"Horizontal (8 pods, 125m)",8,125,1000,20,20.0,20.0,10.779954166666666,8.773,19.1827,29.379279999999994,6.085,206.708,1200,results_fibonacci_python_b3,81.10933333333332,42.881510416666664,8.0,10.779954166666666
python,b3,"Horizontal (8 pods, 125m)",8,125,1000,20,40.0,40.0,10.074019166666666,8.5515,18.43399999999999,28.6331,5.073,109.224,2400,results_fibonacci_python_b3,81.10933333333332,42.881510416666664,8.0,10.074019166666666
python,b3,"Horizontal (8 pods, 125m)",8,125,1000,20,60.0,62.37,10.0164460181721,8.337,19.564599999999984,30.982930000000003,4.752,109.161,3742,results_fibonacci_python_b3,81.10933333333332,42.881510416666664,8.0,10.0164460181721
python,b3,"Horizontal (8 pods, 125m)",8,125,1000,20,80.0,82.63,11.505983864461475,8.4165,27.13524999999996,62.197030000000005,4.75,137.685,4958,results_fibonacci_python_b3,81.10933333333332,42.881510416666664,8.0,11.505983864461475
python,b3,"Horizontal (8 pods, 125m)",8,125,1000,20,100.0,98.56,11.30863189042949,8.729,25.403499999999973,39.808419999999984,4.281,202.619,5914,results_fibonacci_python_b3,81.10933333333332,42.881510416666664,8.0,11.30863189042949
python,b3,"Horizontal (8 pods, 125m)",8,125,1000,20,120.0,122.13,11.28565938864629,8.9605,24.46649999999999,39.55838999999998,4.516,208.617,7328,results_fibonacci_python_b3,81.10933333333332,42.881510416666664,8.0,11.28565938864629
python,b3,"Horizontal (8 pods, 125m)",8,125,1000,20,140.0,136.66,15.191417926829269,10.12,41.882499999999936,90.14519000000016,4.368,243.546,8200,results_fibonacci_python_b3,81.10933333333332,42.881510416666664,8.0,15.191417926829269
python,b3,"Horizontal (8 pods, 125m)",8,125,1000,20,160.0,159.3,11.865331240845366,9.5715,25.39144999999998,41.53229000000006,4.415,162.515,9558,results_fibonacci_python_b3,81.10933333333332,42.881510416666664,8.0,11.865331240845366
python,b3,"Horizontal (8 pods, 125m)",8,125,1000,20,180.0,185.31,15.67812840571891,11.621,38.556,63.12079999999996,4.347,365.121,11121,results_fibonacci_python_b3,81.10933333333332,42.881510416666664,8.0,15.67812840571891
python,b3,"Horizontal (8 pods, 125m)",8,125,1000,20,200.0,186.21,14.132048147485234,11.5085,30.931050000000003,47.20096000000002,4.283,127.176,11174,results_fibonacci_python_b3,81.10933333333332,42.881510416666664,8.0,14.132048147485234
python,b3,"Horizontal (8 pods, 125m)",8,125,1000,20,220.0,221.12,18.858394738825652,14.611,44.7881,72.29276000000002,4.703,163.932,13267,results_fibonacci_python_b3,81.10933333333332,42.881510416666664,8.0,18.858394738825652
python,b3,"Horizontal (8 pods, 125m)",8,125,1000,20,240.0,222.1,17.810949572264743,14.004,40.534,67.2875,4.655,122.352,13326,results_fibonacci_python_b3,81.10933333333332,42.881510416666664,8.0,17.810949572264743
python,b3,"Horizontal (8 pods, 125m)",8,125,1000,20,260.0,265.08,26.15556264537625,20.044,65.21209999999999,106.44536000000016,5.19,214.966,15907,results_fibonacci_python_b3,81.10933333333332,42.881510416666664,8.0,26.15556264537625
python,b3,"Horizontal (8 pods, 125m)",8,125,1000,20,280.0,260.75,28.846690759202456,22.223,70.56559999999998,114.09506000000012,5.176,433.772,15648,results_fibonacci_python_b3,81.10933333333332,42.881510416666664,8.0,28.846690759202456
python,b3,"Horizontal (8 pods, 125m)",8,125,1000,20,300.0,262.53,26.922939245810056,20.5595,66.69825,107.22925999999994,4.794,323.266,15752,results_fibonacci_python_b3,81.10933333333332,42.881510416666664,8.0,26.922939245810056
go,b4,"High Horizontal (10 pods, 100m)",10,100,1000,20,20.0,20.0,9.001803333333333,7.4475,17.410599999999995,27.37282999999998,5.117,108.056,1200,results_fibonacci_go_b4,69.9283185840708,25.23981955199115,10.0,9.001803333333333
go,b4,"High Horizontal (10 pods, 100m)",10,100,1000,20,40.0,39.98,8.400650270946228,6.997,16.162699999999997,26.95844,4.296,70.005,2399,results_fibonacci_go_b4,69.9283185840708,25.23981955199115,10.0,8.400650270946228
go,b4,"High Horizontal (10 pods, 100m)",10,100,1000,20,60.0,62.45,8.80277742193755,7.158,17.869899999999994,29.91406,3.993,104.741,3747,results_fibonacci_go_b4,69.9283185840708,25.23981955199115,10.0,8.80277742193755
go,b4,"High Horizontal (10 pods, 100m)",10,100,1000,20,80.0,82.8,10.521092793880838,7.4565,25.89095,55.92093999999999,4.204,130.542,4968,results_fibonacci_go_b4,69.9283185840708,25.23981955199115,10.0,10.521092793880838
go,b4,"High Horizontal (10 pods, 100m)",10,100,1000,20,100.0,99.18,8.63107830616703,6.854,18.198,30.444,3.91,157.313,5951,results_fibonacci_go_b4,69.9283185840708,25.23981955199115,10.0,8.63107830616703
go,b4,"High Horizontal (10 pods, 100m)",10,100,1000,20,120.0,121.58,11.08370253598355,7.459,27.36249999999999,67.1456399999999,3.768,223.17,7295,results_fibonacci_go_b4,69.9283185840708,25.23981955199115,10.0,11.08370253598355
go,b4,"High Horizontal (10 pods, 100m)",10,100,1000,20,140.0,138.52,9.829811815665986,7.733,21.54,35.3923,3.835,172.396,8311,results_fibonacci_go_b4,69.9283185840708,25.23981955199115,10.0,9.829811815665986
go,b4,"High Horizontal (10 pods, 100m)",10,100,1000,20,160.0,158.03,12.990673802995149,8.9115,32.3967,73.93618000000048,3.766,188.723,9482,results_fibonacci_go_b4,69.9283185840708,25.23981955199115,10.0,12.990673802995149
go,b4,"High Horizontal (10 pods, 100m)",10,100,1000,20,180.0,186.67,12.061395178571429,9.181,28.67415,47.58487000000004,3.443,230.431,11200,results_fibonacci_go_b4,69.9283185840708,25.23981955199115,10.0,12.061395178571429
go,b4,"High Horizontal (10 pods, 100m)",10,100,1000,20,200.0,187.58,12.085400888494004,9.191,28.787,46.94925999999984,3.781,127.166,11255,results_fibonacci_go_b4,69.9283185840708,25.23981955199115,10.0,12.085400888494004
go,b4,"High Horizontal (10 pods, 100m)",10,100,1000,20,220.0,224.35,14.177753361563036,10.928,33.314,53.73219999999999,3.52,199.597,13461,results_fibonacci_go_b4,69.9283185840708,25.23981955199115,10.0,14.177753361563036
go,b4,"High Horizontal (10 pods, 100m)",10,100,1000,20,240.0,224.98,14.871261352692793,11.255,35.84159999999999,56.88062000000004,3.877,176.472,13499,results_fibonacci_go_b4,69.9283185840708,25.23981955199115,10.0,14.871261352692793
go,b4,"High Horizontal (10 pods, 100m)",10,100,1000,20,260.0,260.56,25.60082112937264,17.962,69.9288,125.03655999999998,3.912,1106.468,15637,results_fibonacci_go_b4,69.9283185840708,25.23981955199115,10.0,25.60082112937264
go,b4,"High Horizontal (10 pods, 100m)",10,100,1000,20,280.0,261.01,24.08362437747414,17.98,60.49374999999999,101.24121999999994,4.348,396.22,15662,results_fibonacci_go_b4,69.9283185840708,25.23981955199115,10.0,24.08362437747414
go,b4,"High Horizontal (10 pods, 100m)",10,100,1000,20,300.0,268.59,24.670104789676135,17.5785,66.5916,116.63450999999998,4.26,268.85,16118,results_fibonacci_go_b4,69.9283185840708,25.23981955199115,10.0,24.670104789676135
go,b3,"Horizontal (8 pods, 125m)",8,125,1000,20,20.0,20.0,8.996883333333333,7.6335,16.880899999999997,24.398459999999996,5.319,152.251,1200,results_fibonacci_go_b3,68.28162393162393,22.352430555555557,8.0,8.996883333333333
go,b3,"Horizontal (8 pods, 125m)",8,125,1000,20,40.0,40.0,8.625092916666667,7.22,17.262649999999997,24.313289999999967,4.581,44.407,2400,results_fibonacci_go_b3,68.28162393162393,22.352430555555557,8.0,8.625092916666667
go,b3,"Horizontal (8 pods, 125m)",8,125,1000,20,60.0,62.44,8.712435815318923,7.249,17.5174,26.626139999999992,4.168,56.417,3747,results_fibonacci_go_b3,68.28162393162393,22.352430555555557,8.0,8.712435815318923
go,b3,"Horizontal (8 pods, 125m)",8,125,1000,20,80.0,82.92,10.105551155778894,7.469,23.5332,48.88082000000004,3.982,118.409,4975,results_fibonacci_go_b3,68.28162393162393,22.352430555555557,8.0,10.105551155778894
go,b3,"Horizontal (8 pods, 125m)",8,125,1000,20,100.0,99.28,8.139617696440563,6.528,17.03025,26.71859999999999,3.792,101.436,5956,results_fibonacci_go_b3,68.28162393162393,22.352430555555557,8.0,8.139617696440563
go,b3,"Horizontal (8 pods, 125m)",8,125,1000,20,120.0,122.3,9.472062823657671,7.357,20.879150000000003,34.77562000000001,3.717,84.948,7338,results_fibonacci_go_b3,68.28162393162393,22.352430555555557,8.0,9.472062823657671
go,b3,"Horizontal (8 pods, 125m)",8,125,1000,20,140.0,138.69,9.9413326123528,7.8835,22.049649999999996,36.08358999999998,3.792,110.621,8322,results_fibonacci_go_b3,68.28162393162393,22.352430555555557,8.0,9.9413326123528
go,b3,"Horizontal (8 pods, 125m)",8,125,1000,20,160.0,158.73,10.983080323393532,8.51,25.475050000000024,40.80621000000004,3.762,140.1,9524,results_fibonacci_go_b3,68.28162393162393,22.352430555555557,8.0,10.983080323393532
go,b3,"Horizontal (8 pods, 125m)",8,125,1000,20,180.0,186.35,12.24974494723663,9.321,29.22299999999993,49.02154000000004,3.698,178.323,11182,results_fibonacci_go_b3,68.28162393162393,22.352430555555557,8.0,12.24974494723663
go,b3,"Horizontal (8 pods, 125m)",8,125,1000,20,200.0,188.58,12.109202386212992,9.08,28.9539,49.60302000000004,3.756,171.965,11315,results_fibonacci_go_b3,68.28162393162393,22.352430555555557,8.0,12.109202386212992
go,b3,"Horizontal (8 pods, 125m)",8,125,1000,20,220.0,223.07,14.11909302151823,10.7375,33.64355,57.77108000000003,3.712,190.402,13384,results_fibonacci_go_b3,68.28162393162393,22.352430555555557,8.0,14.11909302151823
go,b3,"Horizontal (8 pods, 125m)",8,125,1000,20,240.0,224.52,15.573874693786651,10.783,39.3915,87.61169999999967,3.544,290.13,13471,results_fibonacci_go_b3,68.28162393162393,22.352430555555557,8.0,15.573874693786651
go,b3,"Horizontal (8 pods, 125m)",8,125,1000,20,260.0,268.67,23.378107865029158,15.1,69.08774999999993,137.98960999999997,3.839,386.015,16122,results_fibonacci_go_b3,68.28162393162393,22.352430555555557,8.0,23.378107865029158
go,b3,"Horizontal (8 pods, 125m)",8,125,1000,20,280.0,269.33,22.0851015470297,15.769,59.07134999999997,109.38669999999998,4.013,232.876,16160,results_fibonacci_go_b3,68.28162393162393,22.352430555555557,8.0,22.0851015470297
go,b3,"Horizontal (8 pods, 125m)",8,125,1000,20,300.0,266.03,24.17323138114626,18.112,60.47659999999995,102.77344000000004,4.061,267.985,15965,results_fibonacci_go_b3,68.28162393162393,22.352430555555557,8.0,24.17323138114626
go,b2,"Balanced (4 pods, 250m)",4,250,1000,10,20.0,20.0,9.47158,8.092,18.2966,24.79937,5.462,34.433,1200,results_fibonacci_go_b2,63.844939271255065,11.507227353238866,4.0,9.47158
go,b2,"Balanced (4 pods, 250m)",4,250,1000,10,40.0,40.0,9.0476975,7.638,16.914899999999996,25.163379999999968,4.931,105.428,2400,results_fibonacci_go_b2,63.844939271255065,11.507227353238866,4.0,9.0476975
go,b2,"Balanced (4 pods, 250m)",4,250,1000,10,60.0,62.36,8.770758417958312,7.099,19.004049999999985,29.867030000000018,4.237,57.693,3742,results_fibonacci_go_b2,63.844939271255065,11.507227353238866,4.0,8.770758417958312
go,b2,"Balanced (4 pods, 250m)",4,250,1000,10,80.0,82.92,10.596741306532664,7.785,24.71680000000004,53.930820000000125,4.404,230.547,4975,results_fibonacci_go_b2,63.844939271255065,11.507227353238866,4.0,10.596741306532664
go,b2,"Balanced (4 pods, 250m)",4,250,1000,10,100.0,99.22,8.474771879724509,6.933,17.53759999999999,26.20523999999996,4.009,102.456,5953,results_fibonacci_go_b2,63.844939271255065,11.507227353238866,4.0,8.474771879724509
go,b2,"Balanced (4 pods, 250m)",4,250,1000,10,120.0,122.33,10.517505177111715,7.583,24.283049999999985,47.628769999999854,4.084,185.957,7340,results_fibonacci_go_b2,63.844939271255065,11.507227353238866,4.0,10.517505177111715
go,b2,"Balanced (4 pods, 250m)",4,250,1000,10,140.0,139.56,9.44450405921681,7.452,20.483,32.287,3.649,158.526,8376,results_fibonacci_go_b2,63.844939271255065,11.507227353238866,4.0,9.44450405921681
go,b2,"Balanced (4 pods, 250m)",4,250,1000,10,160.0,160.23,10.975562929061786,7.8065,27.5068,52.14156000000023,3.842,171.019,9614,results_fibonacci_go_b2,63.844939271255065,11.507227353238866,4.0,10.975562929061786
go,b2,"Balanced (4 pods, 250m)",4,250,1000,10,180.0,187.05,11.060232914550475,8.588,25.2961,42.29198000000006,3.45,124.54,11223,results_fibonacci_go_b2,63.844939271255065,11.507227353238866,4.0,11.060232914550475
go,b2,"Balanced (4 pods, 250m)",4,250,1000,10,200.0,190.28,10.639439218777367,7.832,26.24545,44.85286,3.662,130.589,11418,results_fibonacci_go_b2,63.844939271255065,11.507227353238866,4.0,10.639439218777367
go,b2,"Balanced (4 pods, 250m)",4,250,1000,10,220.0,225.8,14.156913123708296,10.785,33.9802,56.75721000000036,3.55,156.172,13548,results_fibonacci_go_b2,63.844939271255065,11.507227353238866,4.0,14.156913123708296
go,b2,"Balanced (4 pods, 250m)",4,250,1000,10,240.0,228.07,14.483844450938848,10.865,35.090099999999985,54.64695999999999,4.028,213.342,13687,results_fibonacci_go_b2,63.844939271255065,11.507227353238866,4.0,14.483844450938848
go,b2,"Balanced (4 pods, 250m)",4,250,1000,10,260.0,269.12,21.38657986003592,15.343,56.37249999999999,94.46883999999982,3.775,220.457,16147,results_fibonacci_go_b2,63.844939271255065,11.507227353238866,4.0,21.38657986003592
go,b2,"Balanced (4 pods, 250m)",4,250,1000,10,280.0,271.42,21.852353399607267,14.5745,61.368,124.2462999999999,4.018,1101.357,16296,results_fibonacci_go_b2,63.844939271255065,11.507227353238866,4.0,21.852353399607267
go,b2,"Balanced (4 pods, 250m)",4,250,1000,10,300.0,279.43,22.184843194560425,14.2155,67.157,121.40759999999996,3.605,328.335,16766,results_fibonacci_go_b2,63.844939271255065,11.507227353238866,4.0,22.184843194560425
go,b1,"Moderate (2 pods, 500m)",2,500,1000,5,20.0,20.0,8.36868,7.266,15.658649999999993,20.757389999999997,4.83,33.741,1200,results_fibonacci_go_b1,54.09922178988325,5.879134241245136,2.0,8.36868
go,b1,"Moderate (2 pods, 500m)",2,500,1000,5,40.0,39.9,7.818864661654135,6.4985,15.31015,24.12852000000004,4.021,109.369,2394,results_fibonacci_go_b1,54.09922178988325,5.879134241245136,2.0,7.818864661654135
go,b1,"Moderate (2 pods, 500m)",2,500,1000,5,60.0,62.45,8.286398985855351,6.796,16.45359999999999,24.94545999999999,3.902,204.279,3747,results_fibonacci_go_b1,54.09922178988325,5.879134241245136,2.0,8.286398985855351
go,b1,"Moderate (2 pods, 500m)",2,500,1000,5,80.0,82.83,9.003524144869216,6.736,20.973650000000006,41.96691000000003,3.618,123.606,4970,results_fibonacci_go_b1,54.09922178988325,5.879134241245136,2.0,9.003524144869216
go,b1,"Moderate (2 pods, 500m)",2,500,1000,5,100.0,99.25,8.355644332493704,6.764,17.161100000000005,27.052060000000004,3.625,116.906,5955,results_fibonacci_go_b1,54.09922178988325,5.879134241245136,2.0,8.355644332493704
go,b1,"Moderate (2 pods, 500m)",2,500,1000,5,120.0,122.95,9.142690660159955,6.773,21.498399999999997,41.17071999999999,3.033,108.826,7377,results_fibonacci_go_b1,54.09922178988325,5.879134241245136,2.0,9.142690660159955
go,b1,"Moderate (2 pods, 500m)",2,500,1000,5,140.0,138.78,9.39105103878948,7.169,21.591099999999983,39.37539999999999,3.359,95.845,8327,results_fibonacci_go_b1,54.09922178988325,5.879134241245136,2.0,9.39105103878948
go,b1,"Moderate (2 pods, 500m)",2,500,1000,5,160.0,160.35,10.406938156116828,7.453,26.091,52.99039999999999,3.282,136.625,9621,results_fibonacci_go_b1,54.09922178988325,5.879134241245136,2.0,10.406938156116828
go,b1,"Moderate (2 pods, 500m)",2,500,1000,5,180.0,188.78,11.95016491568818,8.378,30.30249999999999,63.22341999999999,3.286,182.919,11327,results_fibonacci_go_b1,54.09922178988325,5.879134241245136,2.0,11.95016491568818
go,b1,"Moderate (2 pods, 500m)",2,500,1000,5,200.0,190.95,11.093059177795237,7.61,29.543999999999965,59.51828000000002,3.116,167.553,11457,results_fibonacci_go_b1,54.09922178988325,5.879134241245136,2.0,11.093059177795237
go,b1,"Moderate (2 pods, 500m)",2,500,1000,5,220.0,229.47,15.18824244625218,10.3285,42.13795,69.51476,3.078,196.156,13768,results_fibonacci_go_b1,54.09922178988325,5.879134241245136,2.0,15.18824244625218
go,b1,"Moderate (2 pods, 500m)",2,500,1000,5,240.0,231.46,15.86894974078341,10.497,44.71684999999999,77.4158499999998,3.331,243.375,13888,results_fibonacci_go_b1,54.09922178988325,5.879134241245136,2.0,15.86894974078341
go,b1,"Moderate (2 pods, 500m)",2,500,1000,5,260.0,277.15,30.89994996692525,23.083,79.97679999999991,121.1409200000001,3.409,282.776,16629,results_fibonacci_go_b1,54.09922178988325,5.879134241245136,2.0,30.89994996692525
go,b1,"Moderate (2 pods, 500m)",2,500,1000,5,280.0,273.31,27.224482895298493,19.201,73.79179999999982,123.49642000000004,3.538,279.472,16399,results_fibonacci_go_b1,54.09922178988325,5.879134241245136,2.0,27.224482895298493
go,b1,"Moderate (2 pods, 500m)",2,500,1000,5,300.0,282.97,31.69984644834492,22.822,84.93054999999998,132.99240999999984,3.642,332.068,16978,results_fibonacci_go_b1,54.09922178988325,5.879134241245136,2.0,31.69984644834492
nodejs,b3,"Horizontal (8 pods, 125m)",8,125,1000,20,20.0,20.0,13.857965,9.5165,22.107799999999997,98.15675999999998,6.441,393.305,1200,results_fibonacci_nodejs_b3,77.81244444444444,45.13368055555556,8.0,13.857965
nodejs,b3,"Horizontal (8 pods, 125m)",8,125,1000,20,40.0,39.98,10.335353480616924,8.872,18.125999999999998,26.0815,5.709,215.845,2399,results_fibonacci_nodejs_b3,77.81244444444444,45.13368055555556,8.0,10.335353480616924
nodejs,b3,"Horizontal (8 pods, 125m)",8,125,1000,20,60.0,62.45,10.083072057646117,8.499,19.2865,28.473659999999995,5.134,93.614,3747,results_fibonacci_nodejs_b3,77.81244444444444,45.13368055555556,8.0,10.083072057646117
nodejs,b3,"Horizontal (8 pods, 125m)",8,125,1000,20,80.0,82.65,11.09713309134906,8.728,23.4317,37.369400000000006,4.866,264.006,4959,results_fibonacci_nodejs_b3,77.81244444444444,45.13368055555556,8.0,11.09713309134906
nodejs,b3,"Horizontal (8 pods, 125m)",8,125,1000,20,100.0,99.12,9.579387422229695,7.914,19.373499999999996,31.147559999999995,4.478,97.121,5947,results_fibonacci_nodejs_b3,77.81244444444444,45.13368055555556,8.0,9.579387422229695
nodejs,b3,"Horizontal (8 pods, 125m)",8,125,1000,20,120.0,120.75,15.693705590062113,10.544,43.8662,92.21095999999982,4.408,186.401,7245,results_fibonacci_nodejs_b3,77.81244444444444,45.13368055555556,8.0,15.693705590062113
nodejs,b3,"Horizontal (8 pods, 125m)",8,125,1000,20,140.0,137.78,11.058176200266054,8.832,23.602,39.56623999999992,4.427,139.904,8269,results_fibonacci_nodejs_b3,77.81244444444444,45.13368055555556,8.0,11.058176200266054
nodejs,b3,"Horizontal (8 pods, 125m)",8,125,1000,20,160.0,156.39,15.139018212802217,11.26,37.456400000000016,63.7174000000001,4.502,115.592,9389,results_fibonacci_nodejs_b3,77.81244444444444,45.13368055555556,8.0,15.139018212802217
nodejs,b3,"Horizontal (8 pods, 125m)",8,125,1000,20,180.0,185.26,14.985868657790572,11.5725,32.3805,57.668600000000026,4.471,286.542,11116,results_fibonacci_nodejs_b3,77.81244444444444,45.13368055555556,8.0,14.985868657790572
nodejs,b3,"Horizontal (8 pods, 125m)",8,125,1000,20,200.0,185.1,15.24131361426256,11.208,37.05025,63.96585000000021,4.569,210.696,11106,results_fibonacci_nodejs_b3,77.81244444444444,45.13368055555556,8.0,15.24131361426256
nodejs,b3,"Horizontal (8 pods, 125m)",8,125,1000,20,220.0,219.35,19.372161829509192,14.216,44.703949999999935,82.58573999999984,5.002,702.476,13162,results_fibonacci_nodejs_b3,77.81244444444444,45.13368055555556,8.0,19.372161829509192
nodejs,b3,"Horizontal (8 pods, 125m)",8,125,1000,20,240.0,224.2,16.889064971751413,12.7605,40.8098,69.29719999999999,4.755,192.259,13452,results_fibonacci_nodejs_b3,77.81244444444444,45.13368055555556,8.0,16.889064971751413
nodejs,b3,"Horizontal (8 pods, 125m)",8,125,1000,20,260.0,261.24,29.245540831951004,20.172,71.81939999999999,148.40119000000013,5.127,763.333,15674,results_fibonacci_nodejs_b3,77.81244444444444,45.13368055555556,8.0,29.245540831951004
nodejs,b3,"Horizontal (8 pods, 125m)",8,125,1000,20,280.0,259.58,25.95698549142967,20.372,60.60179999999999,93.12739999999997,4.905,652.429,15577,results_fibonacci_nodejs_b3,77.81244444444444,45.13368055555556,8.0,25.95698549142967
nodejs,b3,"Horizontal (8 pods, 125m)",8,125,1000,20,300.0,267.06,26.10991674987519,19.7005,65.62254999999996,107.85302000000004,4.808,305.552,16024,results_fibonacci_nodejs_b3,77.81244444444444,45.13368055555556,8.0,26.10991674987519
nodejs,b2,"Balanced (4 pods, 250m)",4,250,1000,10,20.0,20.0,11.132404166666667,9.1765,19.18195,35.99493999999998,6.368,188.964,1200,results_fibonacci_nodejs_b2,70.74041666666666,24.107259114583332,4.0,11.132404166666667
nodejs,b2,"Balanced (4 pods, 250m)",4,250,1000,10,40.0,40.0,9.912165416666667,8.43,18.40815,27.56011999999995,5.623,73.958,2400,results_fibonacci_nodejs_b2,70.74041666666666,24.107259114583332,4.0,9.912165416666667
nodejs,b2,"Balanced (4 pods, 250m)",4,250,1000,10,60.0,62.38,9.782022709056903,8.272,19.16909999999996,28.288719999999984,4.943,90.665,3743,results_fibonacci_nodejs_b2,70.74041666666666,24.107259114583332,4.0,9.782022709056903
nodejs,b2,"Balanced (4 pods, 250m)",4,250,1000,10,80.0,82.62,10.971526315789474,8.46,25.695799999999924,45.15304000000004,4.357,120.082,4959,results_fibonacci_nodejs_b2,70.74041666666666,24.107259114583332,4.0,10.971526315789474
nodejs,b2,"Balanced (4 pods, 250m)",4,250,1000,10,100.0,99.05,10.010062762914352,7.747,22.359899999999996,38.1809,4.406,91.762,5943,results_fibonacci_nodejs_b2,70.74041666666666,24.107259114583332,4.0,10.010062762914352
nodejs,b2,"Balanced (4 pods, 250m)",4,250,1000,10,120.0,122.38,10.87355670524166,8.219,25.963199999999954,42.73291999999995,4.439,219.342,7345,results_fibonacci_nodejs_b2,70.74041666666666,24.107259114583332,4.0,10.87355670524166
nodejs,b2,"Balanced (4 pods, 250m)",4,250,1000,10,140.0,139.22,10.96553147438966,8.387,25.372,39.68810000000004,4.249,201.743,8356,results_fibonacci_nodejs_b2,70.74041666666666,24.107259114583332,4.0,10.96553147438966
nodejs,b2,"Balanced (4 pods, 250m)",4,250,1000,10,160.0,160.48,11.071574722193374,8.484,25.74280000000004,42.311479999999776,4.188,207.035,9629,results_fibonacci_nodejs_b2,70.74041666666666,24.107259114583332,4.0,11.071574722193374
nodejs,b2,"Balanced (4 pods, 250m)",4,250,1000,10,180.0,185.6,14.625539414616629,11.1485,33.88099999999999,58.87498999999954,4.381,257.479,11138,results_fibonacci_nodejs_b2,70.74041666666666,24.107259114583332,4.0,14.625539414616629
nodejs,b2,"Balanced (4 pods, 250m)",4,250,1000,10,200.0,184.94,13.342297918356312,10.097,31.910399999999964,52.552279999999946,4.29,225.328,11097,results_fibonacci_nodejs_b2,70.74041666666666,24.107259114583332,4.0,13.342297918356312
nodejs,b2,"Balanced (4 pods, 250m)",4,250,1000,10,220.0,220.83,16.622086943396226,12.6155,38.88,67.26718000000005,4.318,208.789,13250,results_fibonacci_nodejs_b2,70.74041666666666,24.107259114583332,4.0,16.622086943396226
nodejs,b2,"Balanced (4 pods, 250m)",4,250,1000,10,240.0,218.87,17.485453756565423,13.288,41.9774,63.04215999999988,4.104,315.694,13137,results_fibonacci_nodejs_b2,70.74041666666666,24.107259114583332,4.0,17.485453756565423
nodejs,b2,"Balanced (4 pods, 250m)",4,250,1000,10,260.0,264.35,24.981912363659287,17.991,67.388,114.99079999999984,4.388,296.482,15861,results_fibonacci_nodejs_b2,70.74041666666666,24.107259114583332,4.0,24.981912363659287
nodejs,b2,"Balanced (4 pods, 250m)",4,250,1000,10,280.0,258.4,25.75444569143447,19.7255,64.54914999999997,102.43976999999984,4.824,332.45,15504,results_fibonacci_nodejs_b2,70.74041666666666,24.107259114583332,4.0,25.75444569143447
nodejs,b2,"Balanced (4 pods, 250m)",4,250,1000,10,300.0,266.1,24.89798872604284,18.2065,63.41225,113.89000000000006,4.466,296.888,15966,results_fibonacci_nodejs_b2,70.74041666666666,24.107259114583332,4.0,24.89798872604284
nodejs,b1,"Moderate (2 pods, 500m)",2,500,1000,5,20.0,20.0,10.41887,8.755,20.068249999999995,29.8519,6.288,105.155,1200,results_fibonacci_nodejs_b1,59.23242187500001,13.2354736328125,2.0,10.41887
nodejs,b1,"Moderate (2 pods, 500m)",2,500,1000,5,40.0,40.0,10.17549875,8.445,18.514749999999975,30.562399999999965,5.134,212.146,2400,results_fibonacci_nodejs_b1,59.23242187500001,13.2354736328125,2.0,10.17549875
nodejs,b1,"Moderate (2 pods, 500m)",2,500,1000,5,60.0,62.45,9.440265012009608,7.839,18.627,28.70617999999999,4.657,120.389,3747,results_fibonacci_nodejs_b1,59.23242187500001,13.2354736328125,2.0,9.440265012009608
nodejs,b1,"Moderate (2 pods, 500m)",2,500,1000,5,80.0,82.98,9.698618999799155,7.736,20.4527,32.84644000000006,4.193,182.806,4979,results_fibonacci_nodejs_b1,59.23242187500001,13.2354736328125,2.0,9.698618999799155
nodejs,b1,"Moderate (2 pods, 500m)",2,500,1000,5,100.0,99.1,9.7065297679112,7.805,20.681,32.27685,3.858,135.056,5946,results_fibonacci_nodejs_b1,59.23242187500001,13.2354736328125,2.0,9.7065297679112
nodejs,b1,"Moderate (2 pods, 500m)",2,500,1000,5,120.0,122.43,9.898755649332973,7.4865,22.193,43.496850000000016,3.71,172.49,7346,results_fibonacci_nodejs_b1,59.23242187500001,13.2354736328125,2.0,9.898755649332973
nodejs,b1,"Moderate (2 pods, 500m)",2,500,1000,5,140.0,138.92,10.358679064187164,8.247,22.7345,37.98362,3.951,84.675,8335,results_fibonacci_nodejs_b1,59.23242187500001,13.2354736328125,2.0,10.358679064187164
nodejs,b1,"Moderate (2 pods, 500m)",2,500,1000,5,160.0,160.01,11.356757525257786,8.586,26.083,47.318,3.918,170.34,9601,results_fibonacci_nodejs_b1,59.23242187500001,13.2354736328125,2.0,11.356757525257786
nodejs,b1,"Moderate (2 pods, 500m)",2,500,1000,5,180.0,186.63,13.87929058760493,9.877,34.31224999999994,68.56973000000012,3.874,210.299,11198,results_fibonacci_nodejs_b1,59.23242187500001,13.2354736328125,2.0,13.87929058760493
nodejs,b1,"Moderate (2 pods, 500m)",2,500,1000,5,200.0,187.86,12.992574432221437,9.1055,32.667449999999995,66.24473999999991,3.665,205.142,11272,results_fibonacci_nodejs_b1,59.23242187500001,13.2354736328125,2.0,12.992574432221437
nodejs,b1,"Moderate (2 pods, 500m)",2,500,1000,5,220.0,228.15,18.055657023887797,12.66,47.942799999999934,78.53879999999988,3.917,194.777,13689,results_fibonacci_nodejs_b1,59.23242187500001,13.2354736328125,2.0,18.055657023887797
nodejs,b1,"Moderate (2 pods, 500m)",2,500,1000,5,240.0,230.01,18.209277878414607,12.613,49.423,82.284,3.671,278.9,13801,results_fibonacci_nodejs_b1,59.23242187500001,13.2354736328125,2.0,18.209277878414607
nodejs,b1,"Moderate (2 pods, 500m)",2,500,1000,5,260.0,278.32,34.58867315408108,25.684,90.80079999999984,149.01142000000002,3.643,350.719,16699,results_fibonacci_nodejs_b1,59.23242187500001,13.2354736328125,2.0,34.58867315408108
nodejs,b1,"Moderate (2 pods, 500m)",2,500,1000,5,280.0,268.39,32.76443082463984,25.602,80.86704999999999,123.65925,3.822,234.589,16104,results_fibonacci_nodejs_b1,59.23242187500001,13.2354736328125,2.0,32.76443082463984
nodejs,b1,"Moderate (2 pods, 500m)",2,500,1000,5,300.0,273.32,34.16889580538958,26.5065,85.24379999999988,128.20263999999997,3.537,260.387,16402,results_fibonacci_nodejs_b1,59.23242187500001,13.2354736328125,2.0,34.16889580538958
