HashFunction,HashOwner,HashApp,SampleCount,AverageAllocatedMb,AverageAllocatedMb_pct1,AverageAllocatedMb_pct5,AverageAllocatedMb_pct25,AverageAllocatedMb_pct50,AverageAllocatedMb_pct75,AverageAllocatedMb_pct95,AverageAllocatedMb_pct99,AverageAllocatedMb_pct100
08c1e2f16efc1bad3c95d8bf8691ce4b87ba54663172b6af3a5baec906028eef,432e502f31a50807a4d894301e68a79ff575f3be6521cab9eb84d0c4d1ed947e,a4990740c2588808194d784fe0625e3e60f1a588f8ed0803a1c51ac2f85b8b47,21172,117.0,105.0,106.0,111.0,116.0,125.0,133.0,139.0,140.0
00d008eadffd689a36361f566c1cc70682b49531d9d5cd04e8473c9538ef52c5,c8e6172971ead769affdf91f0d1229345e7c8333f9d5625025eded99a7d5af54,80fe3c48a2705ef64835a01d242375b34890008c7040bcdf4c655d7f4afde5ec,23473,13.344827586206897,5.965517241379311,7.862068965517241,10.517241379310343,12.93103448275862,16.17241379310345,19.448275862068964,22.48275862068965,29.27586206896552
11bd75f83a144cc93e3f42f289f18bd892dca1913e7d5776e1be9a225bc844ab,c8e6172971ead769affdf91f0d1229345e7c8333f9d5625025eded99a7d5af54,80fe3c48a2705ef64835a01d242375b34890008c7040bcdf4c655d7f4afde5ec,23473,13.344827586206897,5.965517241379311,7.862068965517241,10.517241379310343,12.93103448275862,16.17241379310345,19.448275862068964,22.48275862068965,29.27586206896552
694207787b71eb651a3bbc338945589df6758ee189bc3621a0c9111fb37f5768,c8e6172971ead769affdf91f0d1229345e7c8333f9d5625025eded99a7d5af54,80fe3c48a2705ef64835a01d242375b34890008c7040bcdf4c655d7f4afde5ec,23473,13.344827586206897,5.965517241379311,7.862068965517241,10.517241379310343,12.93103448275862,16.17241379310345,19.448275862068964,22.48275862068965,29.27586206896552
22e19637fde61bd1d62f84068761abee8b4e04ff60bbbb06e87a92198ca3cd61,518953f2a191c3e4ce2c1f365bfd0f778b5e2a40c78433a54758e1ec5385f8b0,10d7cc5cb081fd91acdc4cd88700b2737c9c43d7cb2e6cd393258dbc1748dbf7,16386,22.8,19.8,20.4,22.8,23.0,23.4,24.8,26.8,29.2
7215a844c52ad8fdb51e7d2347a73e0e1f113bbaa17d3ca9a9cd143b3d78adcd,5f3734f85a7ccb54af0a593d6d51af001345eae2f757a5c45654bc5223d3c85d,4a86dfcce790c3148b11e7cf5eeb2585d1bf42b371569d901f8e3dccadc593b5,6657,111.0,93.0,96.0,110.0,113.0,114.0,116.0,134.0,134.0
499bcec99665a5cf262ba41c64c775025809e5a9e79903a8cc64198833520f6a,84b58962b9fedf6d1948bdb2b218617a5c50fbae7db0a354f95ca153faa8735f,61c4432caafca77117695bedf6a5ffc2902adfe4d16663c5909a0ad8b7252120,17217,102.0,99.0,99.0,99.0,100.0,108.0,108.0,108.0,117.0
f42d51f344b35f41ccbf80bfa036188f326ffc6ce3272dff2529cfbe85449fcd,22ba037a82f32ac6d284364af48c54eeeb8da7f1db8c013c0c16c09c917044b1,0ab2d6d3faf4e92c1182f68b3b345bc295c8a6ca035f59557054e7ed689aed68,17239,57.5,57.5,57.5,57.5,57.5,57.5,58.0,58.0,58.0
67eaf4e3924c09e8d7aa4dd723a66206be8a70537265917004f7548b2a5d411d,b9fd0c89fd078567a10469271597bbe494144b4f111e9143d1d3804cf78a38ed,f68aa5fe848ed6c681765532befd3b4787c07546cad70ade70d88531087d0ae4,19633,15.77777777777778,9.88888888888889,10.444444444444445,12.77777777777778,14.88888888888889,18.11111111111111,24.0,34.888888888888886,38.55555555555556
163d028ef619b43c3c3c91142ccee5514de1c3c734b1752e38b1350591d73406,f541287a174acc250708f322170902df14e61de2b6d39dfaf4e37c0ceffc73ef,193a93238c348efaa5400fc4810ae0d882ecafab0dd09b59eff6f21d57073443,17234,53.0,53.0,53.0,53.0,53.0,53.0,53.0,53.0,53.0
0c68d72ec2dfbb232c7436e1ac0efe26a4c5b74b757f9967278a0672b8e4b17e,9cb5e7e30f81227c73c7ec59ce9ad10327ac4bec216d656cdbf998a4e0aa58cb,0591f41355b1dacacedd8918244d6a36e26ef3d0d70f170e0ce0de461ecb0b84,17254,133.0,132.0,132.0,133.0,133.0,133.0,134.0,135.0,135.0
65c4bf1b7fe6a7796d542f0c178b98269f131537076eeb34a5e52808f8486c96,a175095ccc7009181079b76c0ff0d2edbbb10bae99ec4a01246badb687b6160a,51adeb79ff165d6906fde0b77be345ea433d320c6fefb87b26599a074f574a85,328659,29.4,18.6,19.0,22.4,24.8,37.2,51.8,58.4,63.0
5262713c885e190ec78dfb98f89e48c01756821a8aeed08dd1222dafb6592214,3a26745c2186daa9ad38f43500320a2a6cf588a695c9bdc4bc589d99753d5d08,24a4863b0a2870be36b63072917a378a993a2bd5c66d627bb58c482af3e4a5c7,17239,122.0,100.0,104.0,114.0,121.0,129.0,149.0,158.0,161.0
6f99bc2afff00fea6e83ad273458eaf4dee2a058bc850c7c52c2242d30218adc,bce7c58523fefecf56862ae0e8b292b3d50834422bc093729c81f191cd4876f9,7bae880a98d3e81f1e94a129f2d110016f3b3e9b757fdcfe68de4538b3a4f68d,1836,116.0,102.0,110.0,114.0,115.0,115.0,132.0,134.0,135.0
19d692797ee5c43999810e3ad91fd92e7fc02de39977052521558aea3e46bf2d,8509ee974d1c344a8e7874505e069136c560b2e2b0ebb944af39461bb952a8db,b1dfdaf804671d4e98f5822142aea6309e9a2b0714c803ce088e5341ad0acbaa,22266,196.0,175.0,181.0,190.0,195.0,199.0,221.0,233.0,269.0
621650d2ec6df49a7891ce470adf7c01baa3604d7f484559de35a2925a682c5a,a8a8d382f36f930212477a02ab270703d732ade2db14fb229b938103f6477b9e,5bcf67a01a5b5f317413f2e4b8db17bf8b605858e0ce60682f89e51ccc56e502,11992,33.57142857142857,29.428571428571427,30.857142857142858,32.285714285714285,33.42857142857143,34.714285714285715,37.42857142857143,38.0,41.285714285714285
8db80eb9139e9608d43c537321f47323ee819db4f9add73fb789986bff5f4bcb,a13876e7f5f1150478cae3c59d1924a385e62076dcc68970cb55df18ab72c969,0d5134c5b914e413573a538688676d188b6acf2b2d090253757029a816f87cfc,17254,12.307692307692308,10.461538461538462,10.538461538461538,10.923076923076923,11.23076923076923,14.153846153846152,14.692307692307692,15.615384615384617,25.53846153846154
a5b8230ae0bdd82adf06ef357f88d1d70289049c125b146dfb16e972a9a4990d,1c5909c9017da0cf0fe655d41cc47ad2a15c6a95bdec7b7373453611b2df7dff,3e9be0dad034df6b0b5915bb3f3b8997e115abbb4dd1ca11664cc1fd442f4e6c,348623,45.0,40.0,41.0,42.333333333333336,43.333333333333336,48.333333333333336,51.333333333333336,58.333333333333336,58.66666666666666
f5fdce5b47232a5ceab5f4b85d8414ed6981f5aff678ea4d1763ef4a7fd93f40,d39778d2c7f0524862c995962e460177217f80c3367f5ab87ef0f3826bf4697b,0bf15590ed4b4257650cbbe53ad9cbe7cb181ae2f75cf1eff77fa0dd60e8096f,8632,96.0,66.0,80.0,93.0,97.0,104.0,109.0,109.0,115.0
211a7fcafcd434cd2d3bd50c0b5593ec60389db5f88c3f22e821c7a7e9592484,8514fe827613049166bb6a11cf538d6916075384c7aa742369a87dcfec580ae3,5fa78d2ceaa99048f0ab280af386757b9c68b28c736e9f4748adde68aab70f18,69807,27.142857142857142,19.428571428571427,19.857142857142858,26.142857142857142,29.0,29.571428571428573,31.0,33.142857142857146,34.857142857142854
1e25a6a432f2d05bdfa3ad5bb5daf68ca9ca50dbff2e9d467a946f432ce35d65,970f0041c221270bce72fecfff2964183ea7b6c6b860ec5c2547449c867652f4,20824b57cff03ac2a6b3be9f9db5ad8707ff48f2b9dd1f6b79cdf60c967e188d,7020,93.5,68.0,86.0,92.5,95.0,96.5,99.0,99.5,102.0
eb7a106387860be5118bcf19a3dfe7b7bd8a36ba268164a9109e0a075ce1a644,1e32bc67163fdcd2cc65d3abb5f7b8e563056f6d4267b8ac3be7978ed0ba5649,d30db47b230823a3dbbbbd8e041e81d3031ba15ac02b5924a474ab96d46d9496,67832,170.0,88.0,96.0,176.0,185.0,190.0,196.0,207.0,371.0
f5b31925b5656ddcf82d8b7251601d0533d6d9c4bf0154a9d96f22deae52dd80,87b3387769103e27e35a340be403b699f5c966ce1d3559e456950cf6c02686b4,7d8959f115f56de92ef7a230b11d031989d07ca64ee1246c02e32440a82a62f0,1094,106.0,65.0,87.0,103.0,105.0,114.0,132.0,133.0,133.0
d86edb9429431441c8b83871adc79d105b84c3c4c28fa8a058b280bb50e62bc5,2379e90bf0fa203ea082d2d4b7eef9e4d0dc4f84304f46f21dd9b596b4d87dfc,8a00c876163b7f2addda20dd0fa50e3fe5996e89b54c506c814409e5e6b5301c,17250,111.0,111.0,111.0,112.0,112.0,112.0,112.0,112.0,112.0
44156feab0484ee15cf5266661f9ff522245fd4ac94c0a15b532545ba5a3d3c2,2b302e4de1587338e43b24502cbd6ba7777b5d1cf6e93ddc0b649f3c7d4d0546,ee364947bd6c7e1c1aaf9c9fc10006a87b0d4c847307fe44a2408d4fdd83f08b,1014,52.66666666666666,38.66666666666666,46.0,49.333333333333336,55.0,56.333333333333336,58.0,59.0,59.0
cac0fcc3d61db78e5381898a4b7cf1108f364399a9979910a35112db53376d43,2773bf926c17b6f4bc0268929407df5f04f5b91254aaa4c750ee1903c94f99fa,7bb6e812d735ae41541b31d6f24ca826900b83b1100e03b55f9ce2a519b5ddfd,34675,21.933333333333334,21.6,21.666666666666668,21.73333333333333,21.866666666666667,22.0,22.2,26.8,27.066666666666663
b2dc0254d766193cd30ec2a8570247aa672405fcb2831051f90487a20a39f167,d8dbbd9e2962bd4e176ad8f43880615455d5a0e4200f6390d3b48d625b58d6d7,d060548c5ced4ad8750794f4ecef3acb41dfab848e4b11fd874b210dd731915e,17230,47.75,47.75,47.75,47.75,47.75,47.75,48.0,48.0,48.0
c74707ffe4434c786ad0bb67eabb1e1b003a156651d3b95c85cc986148706d4f,69f9ecaaef24e8a2dd6c5ad94f2166c0ccb205517201f471d9d2f679931e2f02,ff89f894e5d45bc686b367f52412e4939bfdc18197f55dc12ebff3c022db3ff3,324279,65.0,36.333333333333336,37.333333333333336,62.66666666666666,65.33333333333333,67.0,86.0,92.66666666666669,94.66666666666669
ef247e55bdc3f21f4f9e1372745b59e556aad3555f9379bbe614458f0bf34dda,c7806322ba3f907a33d7850e7773a9bea7a7e8d18aa083d69f81c45b034f897d,73997dbcee7acaa9bc5137a5785d6d66863d625a87e7b87ef822c016f61b2b0f,21257,120.0,108.0,112.0,112.0,113.0,127.0,146.0,151.0,151.0
4be7f5ec832bb58b979d185f8eacffc6b50666dabfd13318d0a7db88022fa102,2f565ecdacb965c9af1e89c824ba1af6c5176ce702a83b8a5259bf1c51bf733e,f42387b15e1c9e6bb628f12c1c1c6246327020089421072330cb0ce74a03d5ea,22540,7.695652173913044,5.434782608695652,5.739130434782608,7.130434782608695,8.043478260869565,8.347826086956522,8.956521739130435,9.26086956521739,9.608695652173912
242a67de8818a2d39bd55aeb02a8d76167adf8aaee00ecfb0ee61d15696b8b71,0ed4559c4bed067d55dcf388c8ab91a88df024243ccc0a8808a963ed0ba319ba,1ccd6b88564b3ae71c976cf7aabafc5a6b8c24f5f68b5562075c166985353692,7740,12.61111111111111,9.833333333333334,10.333333333333334,11.22222222222222,12.61111111111111,13.77777777777778,15.27777777777778,17.333333333333332,18.444444444444443
e5cebb1cc5841eb29f8e61e887599314d5773007f36f567d94cf02a6e4581708,64c3698bab721c818864f417c56ade535c191b453d057331f269fa352afd6534,c3ce937cb80684fe9f299a8823f54d1bfb962199b6f874019c41ade21af60e09,17234,16.083333333333332,15.25,15.333333333333334,15.833333333333334,16.166666666666668,16.416666666666668,17.0,17.416666666666668,17.583333333333332
bf045eda73898ac15ad9aa0d09e111ed86d5cc8d9ac94f593289bcebaacc48f0,f7e4bf2aa206c56432f480195ae155b355b62db8347f054dd16d3185afe018be,4542d76e602ae609fc576cf6e8d8bbc2792cd2a13309ae2f1daaba3cf45c817d,263,90.0,72.5,88.5,90.5,90.5,90.5,91.0,104.5,104.5
e4138544fc9c3adf8ec5d8239f9ea9f5088bf870eed475496e42c3809726f63d,0ed4559c4bed067d55dcf388c8ab91a88df024243ccc0a8808a963ed0ba319ba,f3ee10d2e1446d2361ee9277e95ae6d8a7ebb1bcfed5859a0bd29a5a689d85b3,3442,156.0,75.0,85.0,165.0,168.0,173.0,192.0,205.0,289.0
674432af63b8ddcbfe263cb23dbd2bc3d996c0e0a45a34b22be17d2e488edf9f,a1cba49820e86f3698e13ec8528b665062e3a66748bb440f6ce0184de661a960,80394c2142caa97bf56bf0195a4fe76f90e3f40fe93ae445fb25a1da161cbf0a,16587,30.83333333333333,14.166666666666666,28.166666666666668,29.666666666666668,31.0,32.0,35.333333333333336,36.16666666666666,48.5
ed836e7e2090c839d1363d214b8e5bfc04f6f34cf1ad69cfe6f88830ff3fe598,624fa8edc3937065dc4188dbc723c1436145e6c550f341c826acbe1ff508851d,81b2e32fe3dd06f41647fe487412fe3afbe790a728065970901ca8ddb8d88616,3191,136.0,105.0,120.0,123.0,141.0,153.0,155.0,155.0,155.0
d365d16eac7880b6e08b20587ec2b6acf1dc6e87f9ae4f77eb2e820289d96264,88c13bca409198e1183406a0d979462f98489bc2d208cca1b92de278a28e596f,99ffd5dfd94fac6da93917610c862c59b30fd1f964e316219e8f18a87672b60b,17236,30.5,30.5,30.5,30.5,30.75,30.75,30.75,30.75,30.75
11bd94318eda09c01712fa99b361409cbbd6132a9995e1655027a7084c8428ee,688478240d9dadf7a22ba3e58cc704d8f3f3db55bf9617ba125a7a8069cea596,173c114f88aef316478156c7c48fe670983a242c1a920071fa293c5245f85d2c,17236,190.0,189.0,189.0,190.0,190.0,191.0,192.0,192.0,192.0
ee3c87ecb43eb3be403522c7c3f6d551c28c250196d92eaaf93c492a05020077,afc1b9fea80dc3d2a35473ca91aa07b6f6e2ff977b251f280e7e5da1ac79b481,4938a92b6fb575deaaf765582aabe271a0c9372675ee68e68174942301de31dd,7382,89.0,71.75,76.0,81.0,85.5,90.75,114.75,119.0,124.75
c19c7f18142ad5d120d31e99253a5193a4e0c93de82c4f09393ccf007ec45dc7,d2f8f905e086ca2dfcfb3ea1849bf2d1dae6477efd8ebc6544c9c6d9d434c2bf,b583797a4cbece155621e6c32dcee7da3033e58712e5ae45f91d25e9a131e8eb,69505,8.2,6.866666666666666,7.0,7.333333333333333,7.666666666666667,8.933333333333334,9.866666666666667,10.0,10.0
44a5b5ef4216689b944e849f52d7aec772566fbc017c04711030f0cf48b39673,d2f8f905e086ca2dfcfb3ea1849bf2d1dae6477efd8ebc6544c9c6d9d434c2bf,b583797a4cbece155621e6c32dcee7da3033e58712e5ae45f91d25e9a131e8eb,69505,8.2,6.866666666666666,7.0,7.333333333333333,7.666666666666667,8.933333333333334,9.866666666666667,10.0,10.0
c13deff6d110689dfce2618fd49ddef77ff1d6f70f3512037ddb3fb2df9ea5e8,059b9dc14e70033929032caf79811d50ae93476a247eee24fd50c66acc9ff818,7b0a2c7c93f49b0709e446c0a486ef78aa7f7a8b58afba3aebbb4b6bd1c73d38,16293,9.818181818181818,2.909090909090909,9.545454545454543,9.909090909090908,10.0,10.181818181818182,10.363636363636363,10.363636363636363,10.545454545454543
45cdf92cb99999eb6f88c754ab87f508f3df7b726599488e8f3e51978d29e822,aa8d3f5f83ca0057e676d2b0f1459833fe4aebe3bf0945ee3fa633e00440def0,8dfd155454c1b71f4932090c6166841aeeacec8690d9b7769030b4b97ad7b590,43997,17.88888888888889,8.333333333333334,9.11111111111111,19.0,19.666666666666668,20.11111111111111,20.77777777777778,22.33333333333333,35.44444444444444
073bbe2040ce6b584d9af70e40d5ccdacd6f096c7f7934a0b70631d965c0354c,b445f5b71cf970f495d1ecd7f0ad10a6d5482a912471c4c6c42cb8ac6ce6f5c3,1b61ac3838950c2ea28d46c8989567c4796e3bc4c9d2c5dea9f88482f77e2b24,17248,144.0,141.0,142.0,142.0,144.0,146.0,148.0,148.0,149.0
51e4df45b6dd4cb25175d58760f7807f7cec07e99283abf0638cb04c320bc319,b49be67ae44cd3488b771ae6ffc6e32409b66dc7171adbaa75dcf2a82fc6ac7c,e971636b8deceef0e9cbe9d21efd3d91a3c2bb62457e71c61c7529e7e9c2f0f4,20983,8.875,7.541666666666667,7.833333333333333,8.75,8.958333333333334,9.208333333333334,9.75,10.166666666666666,12.583333333333334
21c084c18c0e2e65e687cfff9c0f26d927371c39f107d47edf48b54d78884339,45e084b832643ddaff70b4a7b39366c6a5ea3b19b6f784946274418d89397490,1f8e408aefd6c7d7f20709a921dee1f421f108b70366b31cd40b85d4ca4ea10f,17231,161.16666666666666,92.66666666666669,101.16666666666669,135.5,160.16666666666666,190.8333333333333,219.5,234.3333333333333,240.8333333333333
52932979fae3b692be362f84d0f6b1edc6b1c36e312e3578980b5219ea8c806b,ecbc86bc9a1c22117ea1f3d53d81717c06536e4fba6b3260b1991c67b958759a,81946f596edd2149ba9f00c1c6d4c16602a2994d5aabec3a8ded22d35eaf29cb,760,53.333333333333336,40.0,48.0,48.0,56.66666666666666,57.0,57.0,57.0,57.0
0e18a08426ec07a4a6e424661b775fa1e99ce4109f3c6abe8af15d660a625a9d,76341468d1c00081c4915aef9d111699b237b6d28e71485bece3b3634da3f7c6,b9bfb824275e7bafd5628fcaabedd6d01297487fa66ef21f4f61b7e55793d61b,17232,16.1,13.5,13.8,14.5,15.1,16.9,22.1,22.7,23.6
f347d85f1047411d38d8f3951c93317e3b8058413ea6ecba7d9ead2cd89398ad,d058802bb738328e826d44f3109c9dc525cae4c8b69d9b4f43b6a3ff26920470,80e4343ae592be4131a2fbd7f1e58c430117566df424d5f1d56eee88a9411821,29263,9.5,7.666666666666667,8.0,8.333333333333334,9.666666666666666,10.666666666666666,11.166666666666666,11.25,11.666666666666666
9572d98683d6fe909e6f9a720d4fd238293a53ffe1be7138daf81a1e099a0973,d058802bb738328e826d44f3109c9dc525cae4c8b69d9b4f43b6a3ff26920470,e2a63dce97a67bdb3571d66173b9c0b8a9befc959b1ca00c4eecad593a89ddbf,22822,18.666666666666668,15.666666666666666,15.833333333333334,17.0,19.166666666666668,19.666666666666668,21.666666666666668,21.83333333333333,22.5
d4b82a2ae27f1fd5cc4d3c4a3cd5424af2e8a8ee62e22df9fe6d06c0e6adb7ec,18999508c5a4b16aad66ae7e0cb1f4348cfe250184ab9127addec3cecd350341,d1433ccdd3a78458177002ca1c51af0ba6183ef1f312568947d7687bfacdfef7,23192,40.2,23.0,24.8,36.4,43.6,45.8,49.6,51.6,62.2
cfed695b2b3d3f6dd618dc3cb3aad22e95e6834d9aef8f10b17d3c254c56a40a,1b68e83edf116a10df78ea2210f6748d556ce9eb1774f9134c05c6b5769423ac,d42b0a6a8bfb51257d2c838fc41e1da1b74cf7af780013baeb799335efd0d8fb,64287,110.0,102.0,105.0,108.0,109.0,113.0,120.0,128.0,129.0
892565562080ec763eb3e18b6145ffe4f083f1e5ba1720168150ac78f1ff27a0,2934b89aab55befcd2cd21fc5f42bef4f12821b7330ce929f1a41c8c579e01c9,f322aad1fc9c7203d63f66c47d428389cf84798e88a7abf9c3db00a2b4d4ac96,19852,30.5,26.5,26.75,29.5,30.25,31.5,34.5,36.5,37.75
d7a1c5df3a3308abfa0aa3f52b91a5ba3c764935c4145dd18936f1062dc28236,771f4cf40c6a570fe2526bff3536d06e2015c5b5367afb494a474a2d22b217de,e1d57af1af2dbf75b891b28ecef15cd31e3c7ad832e2a33d72cc50a8d75aec75,17237,138.0,132.0,133.0,135.0,140.0,142.0,144.0,145.0,146.0
95cf1b2d66813d98cedfd48dee1afd462128811a6b73ac1dc0ecd2b8bd8c883f,a1d2950a826677b5acc09c7508284629dc23250f2a3f84de4c996bd6afdf919c,92dfaec2d41ea9e05eb19e95d9446eeebaa9fa59ee1d0c53676d686353fdecba,322378,7.695652173913044,5.782608695652174,6.086956521739131,7.130434782608695,7.521739130434782,7.956521739130435,10.130434782608695,11.08695652173913,15.521739130434783
1e12d1ff1c22ae677f5532f7052a2ee46dba340e00df4a4b56d222aa6f4dea29,b4182e6d18e75c25c5b56b1604718b9e4281b96ee9977c77d95c699a8b5c0c3d,5260390a6367271d67b34091eff7f222a78e65ec4b664194e3727ae1d23ee6ff,12833,49.75,43.5,46.0,48.5,49.75,51.25,53.0,56.0,73.75
246a11cdde8d6294eb2620da2e689a8b69484b71d2004782c0383179ac4e5003,42fd29a600319112742e65b01f6a8aa774dc072236e1d5cc063fac272f76919c,6e5a3f06de46c236e62f7e48245d85453c30fd09f2a9eafdd4d9d508859e826e,17248,101.0,99.0,100.0,101.0,101.0,102.0,103.0,104.0,114.0
a3a36e205b11f1d7708058af16237c0634832db061d73a7be28c936fc3125855,f0417cb85bd1c751561867f042b6623bc7885e27669a11bc7f9a64dd7d3e4eb9,cb34fd874e255ddeaf1a38d86e7f3a41dffb0efdee8e46329d4ba8c2dad0fab5,39112,15.8,9.1,10.8,14.1,15.5,17.4,20.8,21.3,21.6
9c0177e41d16ac7511971285b7540a852d8366d90653541bccfedfcf4db159b2,c299038ecedff8d39800da627240e572afd8b5ed3d22d4679d53599b1f938bdb,79695697f82875da28c38a74fa4a0500088f219d866950f67c953b98db30228b,17238,42.0,41.66666666666666,41.66666666666666,42.0,42.0,42.333333333333336,42.333333333333336,42.333333333333336,42.333333333333336
ca381e485ef4651e386cab9fd39aceefa45ac46782a159abdd8a5be2ed4d2ef5,15637e74a695c760980f56a34fe965b2e8f12c8088d6d58556722aead36891ff,fe8234cd5212f47c2f719be55b79a52d0dca3504cd326471d5ccef1ce7aa7e26,221292,12.529411764705882,9.058823529411764,9.941176470588236,10.647058823529411,12.588235294117649,13.470588235294118,16.176470588235293,18.88235294117647,24.529411764705884
b42e842328502cd0b22704439da9c6d2d78b254f01a5a8837483a2d5564f682f,7d6373184165f148b0695792600ec671fba41c7fb01d662aa18004a7ce1c46c7,34c810c241952d518d3843ea161c92d3b748cc1d98af57f1e088ff3684cf933b,21613,121.0,113.0,113.0,114.0,116.0,129.0,138.0,144.0,144.0
d3f726b7aa2a2a5415b6dc96b5974332daba6b34740e01fe7c8d674fb8131b18,9c8dcaa83fc1eb52da4d1725775226e5f5897cb64226d3801bfac9e0111f5334,3065ba2dd5c446906922f684c6f8a459321cb8b30500f74fd59d6a999709a676,2391,47.66666666666666,35.333333333333336,37.0,38.333333333333336,42.66666666666666,45.0,110.0,110.66666666666669,110.66666666666669
d2e801c71d2adfacb044fbd19c8be8e9d3d13b850de4cf86825172a2e5e3c2f7,72bdd4beee21ea6e72824d7b5b5536c3a6c728d20ecca919dd0b1e9664c7218b,8cc5300fd53a5277e1d81b7bb69e2e78c9bbd8d17f16fba8298b68127e7d3479,19917,115.0,107.0,108.0,113.0,114.0,118.0,127.0,129.0,131.0
6b5cba7037ecedb730be024c1ebb61c4a572f3b7376a9ae7fb2f6b7844b0de54,e94c18c60ed66a41779adc24a659bfcde6969a08dbf2cc270b972877312aa8ef,0f9a20f5255a60c257ed8bbd9cd054e2e02e7413947159108a45b9fa985ee1b8,68955,23.0,21.0,21.5,22.125,22.625,24.375,25.625,27.0,36.25
a6e97144b045306b59d228a0ad839a17f177aaf0b571adc192212275be59eabe,909ce6c88b20e5d526f4075109fd19da7a9b7bf325c97510ddd9ceb946613d0e,902427f4525376e6dc705e33a0f54d50b4ef6d4d10b200d4622818c2a5583cbf,16770,49.5,28.0,29.0,32.5,39.5,73.0,78.5,82.0,109.5
3fd29803f3319cfc630049fe6bf581c41fa94def2ade4d96faa7a94f49653154,992d79f086202b9be65b39d973b9e7af28a6508a9d0835fd99be1ed1947a6be6,b8dee4b4ccce390f48c7284a3f5a3ab6cff74d8e740de409fb2f74f230a13037,21536,33.4,22.4,23.0,27.0,34.6,37.8,46.2,51.6,54.8
1765702e8c622d16bb22edf072bdba12906f90f5f989bb756bc13bcfeff860aa,2f11bde1ec470a4c4463e83bf0413aa8635414620347f1741d451fde6823df6c,90eb99975205339da081a725b05fdea82db6ad9003b0e76be61d82a3097368ca,19566,97.25,74.25,75.5,95.5,98.75,102.5,105.25,137.5,148.0
67922637c2c1bb8f4586791449ab61041477a39c417a3b1a9123282bfc9b01f4,2e1587aac4b8a76322972ca61c53167e5c313f881c4a09231791334753a439c8,8e41403ab2c1edb925703aa8d054291a6325058856bfd987fb984d1f604a8ad4,7087,125.0,108.0,114.0,116.0,118.0,134.0,158.0,176.0,182.0
8e538604021b74d2439b65e97f9441c037dc02864263ac0de602d32b36368cb3,059797c6383ea8194604e7fc77ed89820ccdaaec00b4f2034d1a62041b90eea7,50808fea2414c7955d7909bd86d33e60594246a701ad6e6983b21e256c2262ae,17247,125.0,107.0,108.0,109.0,117.0,133.0,150.0,188.0,188.0
6a6238b1d92e2693314ed74df9b5377ff36be18e1637a02f30b64870b1e9f894,aff65fcdc53721f7a8f20cf8aee4b4506fc185ef3eb92d2e55b2266fb4d9dbe3,d305ce3c1216ac8e5adb154c83741bdbbc4697ae2f4cf8245ed277dbbff429c3,46095,1.376237623762376,1.0,1.1386138613861383,1.2574257425742574,1.316831683168317,1.4356435643564356,1.9603960396039604,2.049504950495049,2.0693069306930694
7cfa34221ed266a376b10d80bd6765b9d25ea487fe6be9cc7e965cabd741ebdb,aff65fcdc53721f7a8f20cf8aee4b4506fc185ef3eb92d2e55b2266fb4d9dbe3,d305ce3c1216ac8e5adb154c83741bdbbc4697ae2f4cf8245ed277dbbff429c3,46095,1.376237623762376,1.0,1.1386138613861383,1.2574257425742574,1.316831683168317,1.4356435643564356,1.9603960396039604,2.049504950495049,2.0693069306930694
d09c04aa076cd14cf9092cd5c1e21a9bd9dc2407235006ba308736624d8dd82b,5393abff058ef71969ec90dd545026a28604f241b409526e9ba19f89f39a22ac,732676fb499855b59c513e4061cf8256fe562498d87d7cac22e034105637375e,2528,42.0,17.6,19.0,36.2,41.2,52.0,58.4,60.4,62.0
a7108f3a86ebe3be5b0f6d7f7b493c5677ddc1ede2bddb1e6a18fe219e5b68bf,7770498d108bbd395ef78d7b015138646a4d2360189017bb2005b57ddc8aa49e,ed58bb8a870948f0ed0be90ac0405005ad4bc01aa960187cc35225335a4b5887,127577,64.66666666666667,35.666666666666664,58.66666666666666,62.66666666666666,65.0,67.0,72.66666666666667,73.66666666666667,128.33333333333334
f68a085069c0a42e049129052a1820a4544432e9cb12b8c0f6fe8c34e64072f7,eb4576a988d7898e3322fc563fbb5af5a8e52ba1bd15c0f3a0f97ceeb2f768f8,0ba56287d0ca77262e05a6286454321796d9959e5d4bf856f3b6ef476f36fedc,17253,126.0,126.0,126.0,127.0,127.0,127.0,127.0,127.0,127.0
ccf4968387b927f6c7fecfa79935ed8b01ecc95ec957d6554fb54c44688bd4ab,76341468d1c00081c4915aef9d111699b237b6d28e71485bece3b3634da3f7c6,5f6e4309db2ad2134ff2ba4d3fafd260aced5fa3cf0c191b40056c1578b37b66,17250,14.6,13.5,13.9,14.3,14.9,14.9,14.9,14.9,15.2
2f124780191418a69f06ff204fff04ee6ff9a85e39ab8ed7bbc02f634ac4e409,fd8a2430aa1d1b6fb9e059ff6268eabf8bbd77e68a6d5f38195a67820149b0ab,1876fe6440c0f494af9768c495808fa28649c2adee8c498e7f4b744de3642a0f,75005,7.588235294117647,6.470588235294118,6.705882352941177,7.0,7.411764705882353,8.235294117647058,9.235294117647058,9.941176470588236,10.235294117647058
187636ba56582264529bb4035c9aa7633c9d1f1a02c3399f03e08c6a97df4420,fd8a2430aa1d1b6fb9e059ff6268eabf8bbd77e68a6d5f38195a67820149b0ab,213b820f6abd4b7592092ad03b7f7db2591ca559fb0ac0692f01e2623b94bbe0,37698,8.692307692307692,7.384615384615385,7.846153846153846,8.153846153846153,8.384615384615385,9.461538461538462,10.23076923076923,10.307692307692308,10.461538461538462
3d850f28681ddfc59243930c0594f25f4052603f5b2da37d3c97a3019d9b1a15,fd8a2430aa1d1b6fb9e059ff6268eabf8bbd77e68a6d5f38195a67820149b0ab,b380a9ac7bd903664e7fbb2061a5c9ec44e56c92958c4f5c1c00711ee102b13a,16875,35.333333333333336,34.666666666666664,34.666666666666664,34.666666666666664,34.666666666666664,35.0,40.66666666666666,40.66666666666666,41.0
803cfb35a8e65808b3f85aa5c1fe8fd39289fd1514da9eb4dc9d280df7a76ca5,b087bc9fab3bdd9fe8cfc53b448512088c00435a972e4d08b6f38e72069ed63e,f82b9b1b038eca5d9abb56f522a6624e7fde217781fefdb4be9deb7d541d228a,17185,175.0,168.0,171.0,174.0,176.0,177.0,183.0,183.0,184.0
8b26741fcc331828c0021eb4012d24b18ad49eb757fdf5a33e05ac155f5f904e,611d0baa20577158d9a4427185491783d318d1846f498296cda2f17f60c33ff4,473c4725fc4680e094ee5b8438f66f0e8b9e3d6e1b90de0b69a9a1e671168794,54125,16.0,14.75,15.166666666666666,15.666666666666666,16.083333333333332,16.5,17.333333333333332,17.583333333333332,26.416666666666668
dfc22a0fbabb7ce4a9b1e380b9bd367a08eff0f09bdad4f6185c7afe018744a3,74bdb526706d1bf065f0c7b493a5cba6c5bcf6c7601e0dc8ff84a0f519710162,cb96cc93bd0037be3c17135c06ccc8df68f43286f2c8c514df8fe44f0f2b9474,43438,30.33333333333333,27.83333333333333,28.5,29.5,30.33333333333333,31.166666666666668,31.83333333333333,33.666666666666664,52.66666666666666
6b3d4c937c94c9122c62bf9c2bf3e674ce2979a0bcde353ab40d2d2532f17713,cc70adf0b7dc08ff517a3a7fb31123d2ed4822996a3ab69d2b7b0f99ee0513ca,a5989214ed9b52521f25f950c604530bced8b8cfb2e1a49a6ffb178ca9cc2a6d,76603,19.0,12.181818181818182,13.727272727272728,15.545454545454543,17.545454545454547,21.09090909090909,29.63636363636364,33.18181818181818,38.72727272727273
017703d36932ae0658e1d21230a75a74e08f7575bdc0a48fd524cefb31588e97,1dd23f4539ce1563199511c5369af1cf0a2224d8442f00104730bf787018ff1c,efe2999405848e0e95de7591c4d9143cfc9f468048f697691b8ffd579eccbfe8,10919,123.0,102.0,105.0,120.0,121.0,133.0,135.0,136.0,141.0
1e5bfcc662ff982b62ca347d1058f43780275234da00b4b5162e6a887d82a56a,2b7f0fb28f858e500dbaa818c42737505f3ec00a3557b8f4175346388d4d349f,ee2f53f89a35c322a948262c5b545eb46df8ca96d47754b900765d1a46d9a285,17149,103.0,100.0,100.0,100.0,101.0,107.0,109.0,109.0,110.0
034a73bd15cca1dc080637ce79929248f18c5bba323591e9ea013858079946dd,c051c49327892681e2dd8c2972b7fb46e24df44261a88fabcda7e823cfd58d39,2ed92d2f5c78d82290c4c8b360a4ace1a503ec7418fc141102aa1c6aaacc18b4,20861,192.0,105.0,166.0,180.0,186.0,200.0,250.0,305.0,387.0
cb63ecaab4377e03bb703c27685a10447f6573f4167a7d21b843031ec1487080,88fde5d649b7d8216a17bccfba77ee4c591e31fde2c251fa3addc66e042e2708,3800460ec8bc21d723e2ee1fcafc96da60fbd88f585bf22e2b4cd058fc29df78,30258,1.6370967741935485,1.0241935483870968,1.1129032258064515,1.1612903225806452,1.5564516129032258,1.8629032258064515,2.7580645161290325,3.2661290322580645,3.782258064516129
2411b08d8696b1102e2b4b65e24e5a31da4de0d7f472da9364cf679037a39e9e,18dfc7ffb650855ee7c28fff10a7cc2dcbd1248d406b76f4e559e77d95016e76,f6f59eac22743007665c90dec031809bb03036d95871ce2f7fc3a7051c6ea91b,265,64.0,41.5,57.0,64.5,65.5,66.0,66.0,66.0,66.0
ce192b1bba10e1ed385aa4efde0f517917f0e33491094878c4a48cd36bab0989,ffe73881507168a762a32b04b18344a3a62edff47b2bfd45251d2baad77f3065,b5a3c5027dd611ba91367603277d15779f65c64dc18b37f0357591ea769da914,19302,58.0,35.666666666666664,36.0,52.333333333333336,54.66666666666666,59.66666666666666,85.66666666666667,184.0,212.0
44fac283403617d08a74e958fd0444c24124df142d0448042b134b9b1836d473,1325364f97031ea2048237a4895bb666f181b2495c7456301974bab50a7dbd31,af5f90937fb6c9f327a6a4c1c72b64bb8e43f6be75e57658ee047832a620bf70,17251,13.545454545454543,13.454545454545457,13.454545454545457,13.545454545454543,13.636363636363637,13.636363636363637,13.727272727272728,13.727272727272728,13.727272727272728
877d4c94001b838f8b55f642540a7af298aa163199e9ad01f813a4bab6176afe,1325364f97031ea2048237a4895bb666f181b2495c7456301974bab50a7dbd31,af5f90937fb6c9f327a6a4c1c72b64bb8e43f6be75e57658ee047832a620bf70,17251,13.545454545454543,13.454545454545457,13.454545454545457,13.545454545454543,13.636363636363637,13.636363636363637,13.727272727272728,13.727272727272728,13.727272727272728
90e1ea1f5517e423c8574406f6824fa7ec96ea39f49910d71b8f9e57a2ddc4e2,bbe26e52a7cade389d0032ccc4333fbb79665c53d5855a947291e6a31df8883e,c246dd4052f8a8f5d51cbc04b746e33bbdc61451628cbca2d6fbde7fc6ffdf41,19998,128.0,99.0,102.0,118.0,134.0,136.0,142.0,143.0,152.0
60bf07b19691f95b8a465f22f1d5d9974644e10b17977be53ff557234c1ee6ce,0bebff2bdc3337a91b9fea8a47e688f621fb92e7ac0302c3bc348a0c1b3a2d4d,b5fd19112bcc2b8ac687f59d706769d5d32099513f4976835feb2e9bb9dbb7d3,28866,171.0,77.0,92.0,162.0,190.0,205.0,213.0,221.0,390.0
3fe6d6a1b9dc622f240d152c3f73609b7cb5daffb1fcbd2d3428fc3f2a9f42e2,defeb3ffd56e8944b9fc44153754270f8d673519e7fe2b4417b2b699e3e26514,70264562661d5ddaeb8f64e4e158437afa2a8c50c04bc7c58a5706ea1e8c31f1,17464,178.0,170.0,171.0,178.0,179.0,179.0,183.0,183.0,213.0
9e8c93c5623e6e4528aaf6d890fa626b86c567dc17ca8b496c1db89096780ead,271197cdbccb789e73f09bbf24d1dd7d7f49503398b4ac8be692ed7faadd4041,9c1346945b7e5db92d9ae232ae98f4fd53a66cb250b1e9e3362b2e07e9572eea,22812,4.794871794871795,2.5384615384615383,3.17948717948718,4.743589743589744,4.948717948717949,5.076923076923077,5.282051282051282,5.538461538461538,9.307692307692308
ea1320533db10406f7c0c995dff42f8af1f9cd4ee20743557f9babdbf9851254,d0042021cd29533b122c3b4898d65815c098e68f360059050c91a20619faa4d4,165070205ed6ed7f09a63371d50f8e07efcae8acc69b509a44ec91eb40c52d1d,6162,31.5,26.0,28.75,29.0,32.25,33.25,36.5,36.5,36.75
e715997b078ad0a4044517567bbc1e54d5cceb0634d370269814a2d66337e71f,20286f110cbdc8eb6c9d2cd08d0652764cb6a21d118206b5c338ebade1276118,122e20313f6fc9f9b3d9d9ae6d59b98f436c891925205b9aa0d3824468c193d8,120352,58.42857142857143,15.0,24.428571428571427,36.85714285714285,54.57142857142857,74.57142857142857,110.85714285714286,139.85714285714286,184.28571428571428
ee05f0fbdd7e585035f0ad68b24bbb3e4820623bab74bbb0e9be7d3358fd7cb3,f0400c0eb4c2e90ada33a17cb717b5b13cb73a9939ed43eba22d703306065acd,5c141bd863a749816a6589f13d30f17635630b151007a4662afe04a34f028fe0,17237,32.0,31.75,31.75,31.75,32.0,32.25,32.75,33.25,33.75
343dfaf953adde88bc64596a395cab09835ffd8e3815425b3417289c601ba4c3,aff82e477c1e7c30aa6105b92bf02c17bb3da869877893441eed9ebdad6cd94f,b89b42a4441ab8a594b20841016b65395e75da2cd12a442f5c43569c074eab22,7162,45.25,23.0,25.5,45.0,46.5,49.5,53.25,53.5,59.25
39ad6367fb9f04d5a3ddba2bda25399d870a3a69a6ea2960bef54ab670a8a68f,b5d57db7de832e6c67280602486b03c64c8b58c9ed24e09a328e13086fca7727,260f6870a9c1edc3c30f946c27c6d5990c0014b09baafbf87660c7ecba1287b6,16177,31.0,16.666666666666668,18.33333333333333,21.0,31.166666666666668,33.833333333333336,39.0,157.66666666666666,158.0
5277e8ffdaf757054605486e4517330bc7329a1c80b903648d930268df622de4,95dc325a4a22f2d6368e04c54265752aad1ef0207cd08ed2ffa698403f3c30b3,b3f723b82aff092fc7ede59daf756c85243d1abba2a7e6945fffdb4806cdafe7,17243,117.0,117.0,117.0,117.0,117.0,117.0,117.0,117.0,117.0
69825161f4b5c343bc19a3d40220e15dce060acc214a0d71960e25838fcfcc09,89099619345f8593ce2795c3e5842af7b82ddccdf66c50cc92d7bcc839e30898,042cf426467ff01ac89971424ab8d359ea443e28053efdbffed6ec8f3be50bad,23490,8.5625,7.25,7.875,8.1875,8.4375,9.0,9.5625,10.375,15.0
e227af64306649173a7f5a2842db9503e08ed3dc8e1cb2e46ce419bf030965a3,95dc325a4a22f2d6368e04c54265752aad1ef0207cd08ed2ffa698403f3c30b3,f3f8732135c48fa4a6df4737a6348384763f576d34abb7cd84fc9815aef72c82,17254,131.0,131.0,131.0,131.0,132.0,132.0,132.0,132.0,132.0
f77fefda11c354b07c07028c8030edc451a83415d101b6c8401e84e1b9ea0bd4,95dc325a4a22f2d6368e04c54265752aad1ef0207cd08ed2ffa698403f3c30b3,31673767ccb0e29a9d197b7c0376d2a00a91f3a8e9245e0ec53d43143e99444b,17244,113.0,113.0,113.0,113.0,113.0,113.0,114.0,114.0,114.0
b8f2d6eaacf939867e2766d436886817118bb9df7d7fa93d8f903a8247cc7c7c,95dc325a4a22f2d6368e04c54265752aad1ef0207cd08ed2ffa698403f3c30b3,1d34795b5bd59dd15ffbe56cb7a3c5a5dfd78d1b7b40e2a803518a459ace93dc,17249,132.0,132.0,132.0,132.0,132.0,132.0,133.0,133.0,133.0
82bd6a06d02660744d035fe520302a28ef2f00ecd920193bf35b542ee89982a7,22675e6e244e1a3aa1cd2b1f7df56a07b4efb197db2d1b2dee55682419068d0a,3d10b148d0e0bd60409fac84916b6bc5bde7ef7874dc0f4d1161f89c3cdf22cc,19433,125.0,108.0,112.0,115.0,121.0,137.0,142.0,162.0,164.0
29c93fa3ef4b8ba3a878fe746667236109c99613fa3c3869e85e76514e429567,c36f718c7130444ea56a6b1d68584a7de62b99e51e6a468edb6eae6364b01eb4,1ef5d39ca7aeb79f2f1b517e1524f20df854a1cd0c9aa0a6c0c95d659f12b8a6,4423,26.0,22.571428571428573,24.0,24.857142857142858,25.857142857142858,26.714285714285715,29.285714285714285,31.285714285714285,41.57142857142857
08a7198800c73d9b16487cc15f21fa5702c303b240cbc3ccb5436ae73c720b79,30f65f4f0dbab0d7184a94e5541f9c43b873a20b86d755b1ca499024e527b3ee,de59ffa3b4e2e0e04f5e2c29125bc11a4bf02ed5c690da9575b4718114c01732,12463,8.590909090909092,7.681818181818182,8.0,8.409090909090908,8.590909090909092,8.863636363636363,9.545454545454543,9.909090909090908,13.5
f2f5b3bbd02056b3596db7fe70cdea3071e2db6c6d89b97c4953152973ba81ba,f15f698f543702b68bbc5eb717b6945219a75cbf0394be131e209b6cb8a6a001,d1ee25d56cab8243049941881ef7d0f5bc62e4b04b5d1d51897a40db2498afd2,1290,39.2,34.2,34.4,38.0,40.0,40.8,42.4,44.4,46.6
d9ddb98e8c023fe28fe3746506d936a2299c55ab5706de3e89c5a8a9bdd06537,f79838de1febcc7059e6ae0d85fe2b652b88282455a21007b18e021ff7075fc8,5ddc9416620dd5070b175a4fb672b78341a845e5f6dab25795f201552ac3f7c3,17254,75.0,72.5,74.5,75.0,75.5,76.0,76.0,76.0,76.0
57a1248f2542b40c56f677f289dce3f0b072db80a8599771c7d316c70f935a1c,d4c0eee24b4f732b33d7f0f04b46f40519e94539af1cfb39abe823b85008687b,802f8d3bf27d74f076fe444635e8b70c2d5fa07c3972c135c7b1f8dcf0f65cae,17253,40.66666666666666,32.0,32.666666666666664,36.0,38.0,47.0,49.0,49.333333333333336,50.333333333333336
987901b5c7620ba87452c0209dd301d6d64d9adf724fb95de3bb91788f485b60,3c5076a5f71b84c826720763a40b8a718860913173b009358ef511d3ab7c7020,3a6d91a5dc25642e8a9691b0e05aad0456932a91bb5526a36d042a871d379091,1645,31.666666666666668,26.33333333333333,29.33333333333333,30.5,31.166666666666668,31.83333333333333,35.5,36.0,51.16666666666666
b7108294d50c7c987a603400d171787d911af3dbf41f7a26df73b7548110fb9f,28bd82f163b686f3da003e387889f5f90432050de4c53a3053f267709b72e308,c93c308010c0353d1bb5467411bf5508d189295270749b547334036877306829,17254,22.4,22.4,22.4,22.4,22.4,22.6,22.6,22.6,22.6
a5ffd12a98973ae1ef6a577cd115bd52e8f7f68116df4edfd15b90b9307b4c44,c4a93f6bff4ee59fb88d49995e1ba30cbe8c29c29e84d3e36b1d9801a9ebf4cd,949036cb57139d2e0d2cf2590e10a6bfdd413ba185446833a4527d494dd73681,20761,62.0,52.5,52.5,62.0,63.5,65.0,70.5,71.0,74.5
d486c069727fd2855facd3505240dcd8813ad77478ba237839682c513671e6c7,d4fc372d838e4efd6718420a384182d1b31c3afc4846e3226c5147a276da45e3,71681ed9eff88c45ae7be58dedb711a54ccbae37e1d60f1052efac9c1316f24d,6367,31.5,26.5,29.25,29.5,30.0,33.5,36.25,36.25,36.25
557af50c32a082b87212a8cefec1951b5cab4e2bcb4ef5eef6553393fc6d5405,c9f7f110750ca62f6842f6b096ba27953d2126b6aee78514583dd93acb6238b1,9f6b7aac8a12993131826ce59b10afc4da4684ca32b80cde3768c3706254fdac,21969,83.0,52.0,55.66666666666666,79.66666666666667,86.33333333333333,91.66666666666669,99.66666666666669,102.0,108.33333333333331
34413bb8b54c72c60998702e2750d9a0df8b099174af108ad5aa497fd024b2b1,364dea3480bd117eb65df73b03dd7745b794954765f5c42e00334dceef90169f,71d9daf2a4ff5b13c932c442320bcfffcf0a5e4b098985ccf7e0fc0eef5bf3cb,17240,100.0,97.5,98.0,99.0,100.0,102.5,104.0,104.0,104.5
93c196cef4a21be62945ea51818417ba2c7831c579fe2b456613912e1a4758f0,58ebfa03153d007e22503be07e5c76a1a2157ba3f20428a4974c1330f1115efe,d2852500013aa6a89c5a01a42273f0eae19c345495c0181b8105934cbd8b9ff8,733,49.5,41.25,47.25,47.25,50.75,51.25,51.25,54.75,55.25
8aeff4c182c722b99cd8be75060b8e2b4fca7c0e821c611764e31cd1be8679b2,df14041764ae6420ec6e9329c8d9de42ac106082afa1f552bde55e679d465020,d02cd79abf2af48b4737f1fb160085553fbbabdd5135acaaa5d9526990915ee4,89839,3.692307692307693,2.743589743589744,3.2564102564102564,3.3846153846153846,3.5384615384615383,4.0,4.589743589743589,5.358974358974359,7.615384615384615
a458ee86b9c4d6abafbe0f267b89b51e15cf32c581b8a846c06035dfbac57b05,edfecd92a50a0675d4f74b6fd763848b70c3cbaf2287b454bc1da9ce8d855759,f641fb42baa41e13abc542a808f19a2c4109d6f8ff9877272824e62b9b9eb08e,17234,25.55555555555556,24.88888888888889,25.33333333333333,25.55555555555556,25.666666666666668,25.666666666666668,25.77777777777778,25.77777777777778,26.11111111111111
058fdf5a8af6efd7d869c5eb2f1f86170d477c45b025d7f6fffb0d02da0ae4a9,b32bdcb1db7b6a209f3560a47807ad692de50f17a587e8ae0abb6c7762c29f53,61a37b5ca8ae0c3bc167f4ac8c4b8d4ef375756e57988fe43a1cfe887b1f5f72,6607,61.0,51.0,54.0,56.0,59.0,66.5,72.0,76.0,76.5
153fc2cd5e418b54f34ea6abc27bc08835fc398f7eeac96ece93466198b59638,611d0baa20577158d9a4427185491783d318d1846f498296cda2f17f60c33ff4,d262762b60548f190e319ff5fb4c27f1f60367eab8b73623ab37215d65d593b0,41342,17.272727272727273,15.454545454545457,16.181818181818183,16.818181818181817,17.272727272727273,17.727272727272727,19.0,19.727272727272727,35.45454545454545
963fb834e9182c53b93c03b6c4e1797cbcb87cbc41fe63f927688ce91757923c,fce3df39cc253427e6ae74f2fc7bc9db2c0433024274915d80d602380d8e04a6,7051fa9c1b5e09d7905b7c6e2d996998107c0bc48c91bb0f859ebed0b000a97a,17242,2.014705882352941,1.9558823529411764,1.9705882352941173,2.0,2.014705882352941,2.044117647058824,2.073529411764706,2.117647058823529,2.161764705882353
add5e5dac24bc0e794bb912261f0f404cee2eb8af4247a561ea422cb326fb4e9,fce3df39cc253427e6ae74f2fc7bc9db2c0433024274915d80d602380d8e04a6,7051fa9c1b5e09d7905b7c6e2d996998107c0bc48c91bb0f859ebed0b000a97a,17242,2.014705882352941,1.9558823529411764,1.9705882352941173,2.0,2.014705882352941,2.044117647058824,2.073529411764706,2.117647058823529,2.161764705882353
5fc6ef7a77b4953ddd28dad0e0de4f8508d804f38b5badd3bf10776d16e196ca,ba94770fa0500e1a33ce79dcaef4e1349060b3d128d0080361d029670c5b6ad2,6887b77e8d2d2025593e650c2776bff8a0e918ae70bdad63a580507f337c8831,4927,186.0,151.0,165.0,177.0,184.0,198.0,206.0,218.0,389.0
25287779ac5c777079d96722a7d33f469e3e9f67a9fa7e961cc6fdfed15e13e2,63f283aed89b3af4e0a8a7ab1012f2a94fc6b6816cb1300644c860f547034f14,0dc70589add2d73c50aa4b916ec3e5848c10ec8ae5b5f1f725a4ea1bb2d44ebd,22484,26.714285714285715,24.428571428571427,25.142857142857142,26.285714285714285,26.857142857142858,27.285714285714285,28.714285714285715,30.142857142857142,54.71428571428572
9addc9b80f212a1be269505a22aba24715514b000f0e9dfcafd6be5a531d7bc7,dc1981836bc10a439e87cb59c8926d275dbb060077a7c8f2bf12ea9ec0a9463c,7726f551ead4d8ae7cd86553a3bc9b8a8da0179680a9060536396075edb6d1ed,17258,53.0,39.0,45.0,49.0,52.5,56.0,68.5,78.5,81.5
70270b6140350eb5e2e019b8cea07c09116f5f9ee3d8e680d90c13416e769c81,423514747006919139993e4cc074806876311155eac65ca0f4f92872f7206ce5,1da9743ed9fcbda45df05e80f0facda5e4947c680d783ae4fec752224711c7ef,262,192.0,155.0,189.0,190.0,190.0,191.0,221.0,268.0,268.0
61023fb8735f5c8a0d516a49a52968f2de641ea98ccbbe5eac769cd179dedd25,cab4536b6f941cb760aaac841b7519440eb4b9043ea356dedf01813b6929343f,3a7532396cb1e0de36f178f3aef84ae7d92279adbc4786616b77cf89377bc112,73006,7.75,6.4,6.55,6.95,7.5,8.55,9.05,9.65,10.05
81bfa46cb753e8d8cc46189caf4318dc7feee62a84de684df99075b842ffa1db,98a36620e49b3b00521f33a57f9d7944ffc107f4bacbc9b960750f45d615876b,7bab1b0117652e5f663e3a43482ce4f6242e10941c4b002294764f8d3a5ea03e,19970,128.0,102.0,108.0,124.0,127.0,137.0,144.0,145.0,145.0
2eeee12b45a068133f5afbe72dc46e6acab233adce95af0ddbb2bc0c8ae92580,58130cfa8a6431dd3fce29f793c101d8f72a8343413465b03b76c06ce220cc30,fecf9d99a897bcb327319da03cf6263dd1a7d8aa380ca44ec832f600bdd0e4c4,17234,119.0,116.0,116.0,117.0,119.0,121.0,123.0,123.0,123.0
216f6ca3aaa7a9cea7934ddd1e74f637c995a0bcceca3db874ab937ecdf64db9,0f35e27f25aee40e09fe0566f40361b4026d02c46060adef290949aee8cc9d19,a8b4f8aef0fd33fa7a06aa88bbc1224e194b9bc84309804a0310b12ac38d5ca6,10935,64.66666666666667,26.33333333333333,33.0,57.333333333333336,60.0,68.66666666666667,107.0,114.0,114.66666666666669
0a34ccd8b782aa93b05fd844c7777432d1454207ca9954f1315b6a0b7251208a,7be44b9de6050eff2fc5c4f274883e765a46bd4b08e7140512e302b9ce4945d8,aab997c732a6184bc644ab936e632c1ed216eadcf72e282c67682c80c77b1a4a,586,13.818181818181818,10.272727272727272,11.181818181818182,11.909090909090908,12.636363636363637,16.454545454545453,16.454545454545453,16.454545454545453,16.454545454545453
ca43fc0e30d9e84ba33c4c47fbec261ff9e4d5d3cf76157ae4321ab48dc4f9cd,127f6ef5e4e39284dea6df9dfe5e6552ae2715efa2a809666c99e5a0fea29028,c2932489215f91f270c1cb5ed6ffe4c240af8a1105e88f0937797182c8585fde,14476,8.076923076923077,7.846153846153846,7.846153846153846,8.0,8.076923076923077,8.153846153846153,8.307692307692308,8.384615384615385,8.538461538461538
bc81776162506ce087d221c22a971275bf8633b0e17a21c9a65d2699da2979d3,fba3d7fdf3ecb7aa2663e0dad8c729f25b709693e945e8c8a81f65b893b6d284,67b4f2ec6e2c2d95b1044c49a8610769dd187b5ac2418f9b9939a97c205ed1db,44805,3.274193548387097,1.6612903225806452,1.8225806451612905,3.161290322580645,3.306451612903226,3.532258064516129,4.419354838709677,4.919354838709677,6.354838709677419
180d64f3ff5f732d0aa294d6627c3d7ae1bed98207728b7cdfe5cdf9f0e90c20,465a89fb604884a4027231bf064c6150126123c22a45cb8a97695b56448af068,7b8c2cf9647f64c8a56184269e1ddc6b3106e9e4258c86b211dfe81916f21142,17235,189.0,189.0,189.0,189.0,189.0,189.0,189.0,189.0,189.0
ba86c58a47b3f8a4820c6fab174dffb8e799287812a1f574e640d87e3a86407f,dd065b88fe6a8fa651c14ed91aedd6bab8f6044fa82f0540192ec1cc94c55faf,f31bf1852d5605ebce82e0d4818cd15a63af3d53df35968cf70d0827f61b093d,21576,7.625,6.625,6.8125,7.1875,7.3125,8.125,8.9375,10.875,10.875
a8040b42757b9d785ac6b4180b175c94dc462c9adbb5940e6ba72e766570558d,1b24c40df3bcc777aa0601c011e6d476f977b431109a1ae2378c7a31c3507e8d,4fc8e70160b2ac6920463ec1b4d74568fe932c34602d613842ba6c016295b7be,21064,185.0,171.0,175.0,181.0,186.0,190.0,192.0,212.0,296.0
c12ea40a9037976012f9f60eda0497c3990e4abed286d24d424bf9d14eaf739e,508ee4ec165d4945e2491b286d5bfd560451da58199e37e5afb32bcbbbd817c8,004ff3a50412e29c41712cb1505b667fee3c6eadd5ee02a730058ed91fea9b18,2397,20.0,18.0,19.444444444444443,19.55555555555556,20.0,20.444444444444443,21.0,21.11111111111111,42.888888888888886
692de5a4a76d70d75f6dea545905b5e0cb8365318e0c042c62445640d4e45d6e,073cf96571743aa44f1ee9250787ad0e0eeacbe13d10d3205d534215cc7e9408,92929075a3022c072e5c5021d63e0fc54373c6be2b10066311463eb0e3379ad5,528,71.0,58.5,65.0,65.0,65.5,82.0,83.5,84.5,84.5
631488ac1ef765febeffe98406ec7986ac7c613424f159bb0b3396a7a188d17c,2bfaa669687aff13ff1197228312a7597143a92c825455c48792d5bae9cdefad,8026d414e4a64d280401765fbcb8092a764048b8e3ebb92b90f518cf2de05477,17251,122.0,122.0,122.0,122.0,122.0,122.0,122.0,123.0,123.0
9fac284868aa8a0cee7c93df6cb1be1d796e8002a75b9aabacdf4f9a98079737,099f11f36f1308c2821ff2e2165cd425506d25bd6a6525f8bbe896e1f44eabf5,a89dbd3c91ea786a04ebd1dfe4de685b47937a23b6f70f39a9907f4b854ea8e3,246,263.0,232.0,251.0,265.0,265.0,265.0,265.0,265.0,265.0
834483d3c0f739553b5cea699ee2efacd50d07b7b948da29e0b8abed1f434aec,2e9741fd02448fda52443ec14fe1c39b002c219e77441eddd737b9af77a26f0c,87032a1539c0e2389c1b043f071c9d24e0a7c0f4434d4abeb2889cac6ef44863,28260,36.333333333333336,26.0,30.666666666666668,35.333333333333336,36.66666666666666,38.0,40.0,42.66666666666666,59.333333333333336
734afb8367486439e52fb2845401de2cfcfa0a3a625119144a286a9357602825,2e6127bd63dccc18d8879256f104833067fa360879c10f9b246856f11b147eda,b421f00d18b486fdd7d598d4c24a335dafde4252439a307647788a9b6d2886ef,17247,157.0,147.0,148.0,151.0,158.0,163.0,170.0,170.0,173.0
70fc33d0de86c071a9db28f652ec121250ddcd2da0453a7442e58661962e5d9a,584e1dc4eb5b752b49e412cdbfa5df250005f651970b675bba89ffff2f75b0a1,75e6a94f426baa20dece521dfc3ef9d4eac3a681780a24dfca17242b40d17749,23636,91.0,83.5,86.0,90.0,91.5,92.5,95.0,102.5,147.5
fd645ffe307172b1cb391fef553113a6377870b20c8ff2250f3a7f237fe03ec6,34a7a1ba22f53d50529410371730a4ff80eedfbaec602c21bc1834975c057046,1a1c40617b3899695fdfadc10617c21b0a1aa5fa439f096e6976af0493eda0e4,28514,60.66666666666666,54.66666666666666,56.66666666666666,59.0,60.66666666666666,62.0,67.33333333333333,70.33333333333333,76.33333333333333
72efd63e9dbb1ddb9c23d57b33f47d5e5b4afd743d98e68eb3577af161c511ff,6e56ade0b600c291e78df81dacc3538cdf0a8e45c16bcae1be8d05d1df570f40,c4af8eb43c9e02f71d4f4bbf367774167afcac3348c7e1177d71dd6024ca3394,69709,6.805555555555555,5.888888888888889,6.055555555555555,6.666666666666667,6.888888888888889,7.027777777777778,7.333333333333333,7.416666666666667,9.47222222222222
69cb611ea683e4fec61736150369ce61bd73e419b9000f0ce78082bb69afec16,6e56ade0b600c291e78df81dacc3538cdf0a8e45c16bcae1be8d05d1df570f40,c4af8eb43c9e02f71d4f4bbf367774167afcac3348c7e1177d71dd6024ca3394,69709,6.805555555555555,5.888888888888889,6.055555555555555,6.666666666666667,6.888888888888889,7.027777777777778,7.333333333333333,7.416666666666667,9.47222222222222
716877613528e1962d7b7c4ddf849d7fa7012172131746d383b2a93f162f9145,33d02db29169c2f77b0234e73f1dec0212b419599b6c53cdecf72521d0db7b7a,56bec62e1c4666cf42572ef401fbad430c04a0538fe83dbe87cb22897c9b3fb4,18255,18.0,16.428571428571427,16.571428571428573,16.857142857142858,17.857142857142858,19.0,20.571428571428573,21.571428571428573,26.285714285714285
b64fd791e1d2da3f190862a10b54b026b8a76696350db2998a5477b00257ee69,8c444847522913e89c3c90a9206ba93f371813b3bfa204124132f04396ff21d8,8aa3dfd95e7a32adc9b9f9862c1c01667535562cd52389d71584b35b6d58a9c6,17253,219.0,212.0,213.0,214.0,220.0,221.0,230.0,230.0,230.0
c4236b50caee6b4712ab013bfcef22f18075e7f9f692e7a988339971d3ec2e6d,e84c95c6500a9c666355d971a97fd7edb3e89f9a498556ac807cfa5e6aa594b1,4f76fd8f3e77515f32d887183bdc7f06a9571e492d856f23f1c4b6325cfc2800,17432,74.75,66.25,67.5,71.25,74.0,78.5,84.0,87.5,95.0
7a515fb5a0dee91b670e7d2e7a86401d80a454f67958a3c9e9a8b8a44c4d1375,cf761b48931a2f6fe4c7c74a535dfa5734c1a347d54b6912a071a37eb67ad8a5,df7d593f70d53bba78191d4626b43f6cf108dfa095d41a12800ad070c1dffa27,17249,104.0,104.0,104.0,104.0,104.0,104.0,104.0,104.0,104.0
c6771750ff5a432255e83b4e4a1aee6be32f964b941677de6e9a3ef29e32fe5e,51e0ebd33aebf3ee07d83f33a1e8c868a39164621cd3bf5a9f42d90d3aa59ce6,2885f47d24672e01a9485bb646e814d02f6d60337d7545e474e264812385c214,3981,111.0,98.0,106.0,109.0,111.0,113.0,133.0,136.0,137.0
98fcfa21d4fade70eaea658f4646978a5403427ce7a0747937d9f5ca99694ae0,46319ce4ca93214fad507c76bf52f84a84784d6742c8cbb23290b9f495d24894,1aed6a5aa397da392fd0f73a30060ddaffdf548a890b73e666c81a11d2588aa6,41874,4.45,2.1,2.325,3.65,4.625,5.025,6.2,7.7,19.475
49950d7ed20ddfc69a213178a9525ee940da0550e9962d9a6de5bd44dfe70e37,46319ce4ca93214fad507c76bf52f84a84784d6742c8cbb23290b9f495d24894,1aed6a5aa397da392fd0f73a30060ddaffdf548a890b73e666c81a11d2588aa6,41874,4.45,2.1,2.325,3.65,4.625,5.025,6.2,7.7,19.475
d47a8645a0c0b15e4d82e10523b6a4cddb38c58a5f4eb962a7ac09858bd1302d,cd760ca2b8b9fc515f2d107ec057505b89d749ec34e15b0fc1ad026b89a9b609,1b8c553c5464dc8f989ab1f22c0f2a81993eeef08d18448ead091ce4d6daa787,17250,174.0,173.0,173.0,173.0,174.0,174.0,176.0,176.0,177.0
40087b02cc24f32a40ed71b8135a4d2d3109334e89034389306db3fac8c73c85,5b5b72034a77eb726807b69043547f4ef0fcade75b4f3f6e4761d457b039d77d,476b15eb2aa30b7452aa72be890b03a7eccd26ef1fd1804a9fd24b57403437ad,17127,136.0,107.0,123.0,126.0,126.0,127.0,228.0,234.0,265.0
0db934fb4b4ca847c55d79fe8e3b72062cb73efad63e8e856afab0d0c0450fbf,7a78c12870f0fe0d13475f4c381603c998e54f36565fddccda2d96d4727813f6,7dc08639b868df22dc6fcf14718bdc3efed85f7e1770d25deac98d5b81761a36,20430,33.5,28.5,28.75,31.75,33.5,36.5,37.25,37.75,38.0
86e9a49fe242374ce2c85f3ca2ea8a8c4f92a15924ead716c848a78c43f2f033,946976f24f12ffaedbd573f901933fe68830a28d631de1b8a2e0f2b5d858c8df,fbc0ff4cb4d61b65f8ee2bf1a224640df6dfe8eb4c1c70026972d02f41a0cabe,16081,8.1,5.8,6.65,7.3,7.75,8.05,11.55,21.85,29.75
8aab18dc3fcd37f3fb0cb0a1395c4080d0fd5e6d66f79d9a0558da0ec2d1d90b,6aaa6bbdba7b2668dadd5fcc51b06d5da9556e9552d01795aa9717ac9c518559,519b58d479b384fdfef1034b7cee10d855d33f477f1b395792cb7345dbf1d571,14309,87.5,44.5,51.0,88.5,91.0,92.5,106.0,106.5,193.5
0b07e3d396fe52da9fa6c3afaf4f4f043a1b1c718551b6b63eaeaf7ea2bfda4a,5b5b72034a77eb726807b69043547f4ef0fcade75b4f3f6e4761d457b039d77d,0e60727e1cf536a8948cd0d235afd5a8d8b52e3cc97f08a301f28578365c5566,2581,105.66666666666669,84.33333333333333,94.66666666666669,99.0,104.33333333333331,107.33333333333331,139.0,142.33333333333334,143.33333333333334
a7e9e43e916bb0833849804c6359134fecbf9289b814608a5dc59d7e5fa80bf7,80d189a163ebcbcec8b112dd382fb5dfc0a5cdea92bd6526e48af070bc929e6c,ee00e810f8e60b72e5dc7c6bc6ae0e4b5470aa2fc98aca15b4b6d78ff44b1189,51963,126.0,54.5,82.5,108.5,123.0,139.0,180.5,253.5,274.0
c9f870616e49451c3af17da9bd6364ab68d27829770a58a8eb237c42381fc3b3,8930fabb127ef8b4ccf11b1a4c507c0d59e1b3bd8e957857c7acfa17ef0ae29a,7e305382108517b8eae999024f4557a50733c4303d003590a96ff32e00299ed0,26673,8.9375,5.875,6.5625,7.4375,8.125,10.5,12.6875,16.1875,19.4375
1c773313cf2515645bb1dddeed5737eccc2a31630e2722bc478854654ae5fa9a,084937ae32753eb7b3d04fd6c6d731b39a2b54932bec1be0d3231ce0b981fbb4,f26e60bb6b07cd771aa17f5178f1a8e1c1c1cb98196d43d9a3de8aaa0b91a230,8987,195.0,164.0,178.0,188.0,198.0,204.0,210.0,217.0,244.0
212f77afad5d25b7f1ba328d35f1da2103f1c86558e52ee588c621b64ca0d3ce,bcc5ce17b20803a70e23d62eed5d8705c73c41456015d31050eeef1941de5300,06c2661c06bdeff42f455dde53e54a4124276a059e8002ae8e875e257562af45,705,19.142857142857142,16.428571428571427,16.714285714285715,17.857142857142858,18.428571428571427,20.714285714285715,21.285714285714285,21.285714285714285,21.285714285714285
a6944d7e38e14d68477c0dcba3981aa82e527ff8d4d0acca761de9456823a51a,c33402a802ca82bd50be4f3d79175d670c288d77993691525dfeac1cb75e9cd8,1e43ea812c5b14a927504fc56ec3195ee3667502d1f6abff02e6e5cd878329b7,21932,184.0,168.0,174.0,181.0,184.0,187.0,196.0,212.0,291.0
a14679f6952c55c197aa2ec0eba8788ba50ee69dd4f61a18e52b3ccd917498a8,0e0d1df62baf9c64823d0226fa0b7952e319d0642936740733a6a19517e6d5f0,3df9ee9f62bc33aa91b5d328c8b0590af2cca0bc9f0d29838e87b464b2bac16c,21649,12.363636363636363,10.090909090909092,10.363636363636363,11.545454545454543,12.272727272727272,13.181818181818182,14.636363636363637,15.0,15.0
4a92f6128eb572529ab0fbea5384991670d5e660d64375c99479718f795b8809,c8c3df0b0b05d307eb3a863155932e9116a3aa0c82e433d1dce73244f271067c,49090d50b533b62155915771fe006cc7f97877a58dc404b5395bb8c8cef81bbb,17253,15.11111111111111,15.0,15.0,15.0,15.22222222222222,15.22222222222222,15.22222222222222,15.333333333333334,15.333333333333334
88620cf50dc0d41803f6d1ea76e1849585fa1a56c65c96a523c125a405957b9c,f843a2e071cd449df6524f86bd6e89f3121b19a2d9f64dbf7b9ab3e608f456ed,814fad1b9c5249367491b6b912bd9d72e9e9d036e9d63d021fa055882b8bf521,19638,16.0,14.076923076923077,14.538461538461538,15.23076923076923,16.23076923076923,16.76923076923077,17.23076923076923,17.846153846153847,21.846153846153847
b6dd56faf03cf26dfe5f8b69974d98a3ca8b5620fdf5a1f2e5457edcfc2c4fb1,3632c7fafb208870293b96c1907dcfe22e826c821900ab3506eebceba9294d34,df55ac1881d6699c7328ee199189549050e78639def5d7904246363068eb0572,17242,97.5,97.5,97.5,98.0,98.0,98.0,98.0,98.0,98.0
35d0b9c3bd61406c270b61914108ed5ceeb867d4333b35204968631e9ccdea21,b46209cdeef59f9fb48bffd5cbb17d4d1cd681e96fcf2e660aa4e026a1638330,117a8778f871837dcc7546d4405e39e439588d19f6fd0985bc4e98719048a892,2334,63.0,55.5,58.5,62.5,63.5,65.0,68.5,70.0,70.0
356fb240eee5a79d78a8b70e13e377847c489b5791627fa7014624041b9ac409,2164c33b87384aba721307dff9ef4ffe8458d897bac656a6e57078ac60db138a,7e134212012c156a409f9672a7d09343aeaf907b1683b1f83c17d8f6b888fffa,103452,39.0,29.666666666666668,30.33333333333333,34.0,35.333333333333336,38.333333333333336,61.333333333333336,61.333333333333336,61.66666666666666
24a25659fdf79509d8bdd57159f1c8640574076f6496c446b58343e67edde110,634bb2e7dfca8555899b9b43841a4efa08332461d168d87bb95d76e71fd49e01,13f5e05796697f8c27434e6ebd644dc46a4cf396cd7afad345bca8125db68e6b,16958,116.0,91.0,106.0,109.0,115.0,123.0,137.0,139.0,143.0
429f2ac0e509ea4762b08ad92689e21a8d47ffc25765a37570af2322bb8acba6,a496dcde227db7c4afec98d80d99b4d41a9b3a443a19344452c8d32f41a9c85a,ad4c7c099c64884fd4c4a103d1dd8397edfa8e3093bb1956a06eabecb14ac7f5,21073,38.66666666666666,35.666666666666664,35.666666666666664,37.66666666666666,38.0,41.333333333333336,42.66666666666666,46.333333333333336,47.0
2224a7d4addc12fa2f25230d90d842d95cf6eebc48bd9a6344ff88eb688ac104,3e6d1d544f326b6efe8b5b91eef41249818f09dba95ca593c20795db8dd1f34f,9715623111944c64806556e02a578a147f80c2a1b4166d1c0b91fd2a5d6f37d0,21378,24.75,17.75,18.75,23.25,24.25,27.75,30.25,31.75,33.0
eedb3c28a7bfd6f871cc8f7d11ee917c9832664d850d0d39e180f6c077a2fe44,aa352762771e104b718f1aab812cc097c62948df4809447249479968e20caf08,739d4b80e0262003b143a91120d77b95713b0198334cd4e8cc8c8a9c1c9c8403,21754,4.3478260869565215,3.8260869565217392,4.0,4.086956521739131,4.260869565217392,4.608695652173913,4.956521739130435,5.0,5.0
69993e160c269644c85aa093f163eec616dfe5a64dcabae3aa8f4712e01e314c,7fc1d572a679c0c45cc792221490b05ed4daa9b02d76544bec3fe37ec193e357,34077f203c66d05b665f7b75c3a9a88f42262a942290789d3ea2a70e130923db,20278,34.0,28.0,28.5,33.75,34.5,36.25,36.75,36.75,39.75
7c7f4f4a3ccd6ee5dfebf1c1b5cdd97915a6187948190a74bb86c0b72af02b8c,629cb33bbb4f02add1f0962e555bd6423b2cac6d9bdd7b1dd9ce32125fdea97c,be242e48f6707e4653ee9ff04d7720a4d4903b14fcd7c289b45e1a92608bebb9,22319,11.235294117647058,10.235294117647058,10.647058823529411,10.882352941176473,11.235294117647058,11.588235294117649,12.117647058823527,13.529411764705882,16.41176470588235
967498890269493226b4afa653c40a9e573597d41845f6b19d9df7d1638ea996,e8413ff6a47e65ddb5307a8a7a0a0ee88e1e202591539d20c7142790dbfb2034,27df5c049a15aac613a2a2ecb51be5283c823f10830b5b9823a979904d6c7b6e,17239,74.66666666666667,73.66666666666667,74.0,74.33333333333333,74.66666666666667,75.33333333333333,76.0,76.0,76.0
120087088f2b076a86719d10e749ca8c2d597b6b675ad9977b94ebb98a4f6cea,613f258998afa293d9621eb8d57055c5b369b3181fce74c11cf017f52fb5f071,3a5dafc34e7020b2fa13607ec8d6b5a7dcb04663da8c44d40e5053230969f48b,11202,45.5,23.25,41.25,43.5,45.0,50.25,52.5,55.0,97.0
43fb1229bbb6840c58aa1633fd2845e20af38e2974ded3a89fd47591dc0c1958,9c05976b9bfa79853df81f388d8363d2167f711c4d3e82cc307c32e736a2c1fb,498f5c9a384fed70d4b03264d1f4129aba593875c072a4233b8348e1212cd2f7,17145,47.333333333333336,37.0,41.0,44.0,47.66666666666666,51.66666666666666,54.333333333333336,55.66666666666666,60.333333333333336
d8cac41101e617767da2ec28631c97dcd9191dc52d9f09b9231370963c8d1fa4,3df2d7e9a4a7d86df29605a11cc1cdbfc9a8e442770bf7133411272fa14af2a5,6bd34ef0890d07c1d3e3b9606fd4c093a848f1ba317e8f8bea73b65dee2b3d34,17250,48.0,47.75,47.75,48.0,48.25,48.25,48.25,48.25,48.25
1595c1c9e3880464185b1a2197c70d4d38823fe82238d99633de262d2d5b07a2,d2e25e77f08555f93ebb056e07ca9642a476f60544bc72838c609b3f3a179123,136c7d09faea882da5ebeb4bbfb621dc17e063f5b5abe2785044084b6c952648,17714,38.25,30.75,33.5,37.75,37.75,41.25,41.5,41.5,41.5
cf108aaf4bb733c4d48d652a61fbb20a09d3892b0ececc6ca26f59f949519d36,d2e25e77f08555f93ebb056e07ca9642a476f60544bc72838c609b3f3a179123,871b48cb78a654a4f089aaeb1cc52b3254a2d5bcf90dbe8ff79b9ff5e9229cc5,24382,7.388888888888889,6.444444444444445,6.5,6.555555555555555,7.444444444444445,8.11111111111111,9.333333333333334,9.444444444444445,10.27777777777778
ce5ac25a91bbb2a8d141f5fad730f95b2562d323c52eb8a6d06562cfb0659e8c,d02f9a321c861778dec6975d2590c7de4f734b9f2507b5a8b86f349cc60b2ca9,5feb8c3d3018cbbb7692e7685bb92f4cdd939b385a91336a09d26011352b9b0f,20245,33.5,28.25,28.5,31.25,34.25,36.25,36.75,37.5,37.75
c60517617b42d76d9279cf738f2f9dc1b90f6abe796a6071683af042e4d6718c,61fe396dad65bcf451bdda447acf7816f00935d6511700e13515461243a65fff,2ee9709a085f4650128f073bce58f70896d2abaa77325c6ed60964f83bb8523b,6745,119.0,101.0,105.0,113.0,114.0,129.0,138.0,138.0,142.0
46cb4dab8ee042ffc09730ba198556c5a3aea3fe504e782c1bef4551dd93c01b,77a3fe62c535a9c6339c3e68445d2d90701686dee67f799a9c6a642cb64b5408,d95dc4e99b955efccc18b19aa2175db1a0774b657e2f14a6a75e0228c9c6306e,66598,7.5,5.227272727272728,6.045454545454546,6.636363636363637,7.636363636363637,8.5,8.727272727272727,9.136363636363637,9.954545454545457
d01f39bd08833e5f3c3b1f955d0b7ae61ae04b6aae9b6b73ab83365bb023ea3a,486e10ac87f2c7495ab672094483c49e935e6f7e19b2b9b7157be7f9f949244c,28b9501460139b5543800fc102283243aefa5c7b9281d671b175f0df75055de2,31544,61.75,26.5,28.5,44.75,61.5,75.5,102.0,130.5,154.5
d795423a8fecb12133782400f23d6920790e2b9883ddade580b9d5f1b4574756,5f62eef98e3553aa1efb09599503a436a82ac361b39f9ecee57cd0dce44968da,518a6c40854d408d26bbcdcb660d59bb87a16f6c60b5bd04655a2996e4e26dba,17642,9.869565217391305,5.0,5.521739130434782,9.173913043478262,9.826086956521738,11.0,12.434782608695652,12.826086956521738,13.565217391304348
f28d3a2156c4174952116730a28f4fbae781683917b9277580bebf4473327b8d,486e10ac87f2c7495ab672094483c49e935e6f7e19b2b9b7157be7f9f949244c,2aa4e347c20608f47697481b94656267d10ea7ea57486df4025e5348ff68dfc7,21681,58.25,26.5,27.0,44.75,57.5,70.75,92.5,117.75,139.5
847320b3eac83f5990a5107116323b25620b88c0fd03bde58f1b1f2f831d48d1,486e10ac87f2c7495ab672094483c49e935e6f7e19b2b9b7157be7f9f949244c,677e5dae147d2467c6491937d1a75e3720144557bf70e25f0dc4feac8911a07b,43922,57.66666666666666,30.33333333333333,40.333333333333336,48.0,56.66666666666666,65.66666666666667,83.33333333333333,117.33333333333331,131.33333333333334
ededfc42fa499b028b539d137e0634996cfe0ae2faf920e1fbed00a4679158a4,486e10ac87f2c7495ab672094483c49e935e6f7e19b2b9b7157be7f9f949244c,bb1634dfb2dc4e7bd96f1d318b9b5e3565df0d27b9eef31030218acb57f02001,51021,48.5,26.5,27.5,37.25,48.5,58.25,70.25,80.5,130.75
a550c2a2a47dcbc98874ea592aa955e8580225b4e3db8a353d2bb86f39d668d2,4228d738659d98640b0c74f0391ac501da6ba97abc7e9101423c5fdc8d280961,add08dca67afc7028f0f5980716b2cc87af10146edf7a3ea3d5788a7d3ef9b6b,17255,127.0,108.0,111.0,119.0,126.0,135.0,152.0,154.0,155.0
17ac6d922cb2e06471e1f8b710ae059def1ef97bf247ded9a02b38ede83eeec6,9c6a645b99a13f7918c718183ac495443e3e0aa9f3a103e1945fbda570b23d47,94ff0d022e101352521638f6c4845053bc84c50e03d429b1880f96c179047764,21623,286.0,113.0,120.0,289.0,297.0,304.0,328.0,338.0,358.0
491247255d781c7d417566edda109488694a6b293e6f9d5a9c24094ced555537,0cd245ac021aee2c4a4beee4c59c981cdfe48223c7f6a1c96cffffdef7013392,9afc9e98c71094f1fc6068a7427662ad705f1205a98328f3aa742b70cec34993,1494,86.0,41.0,42.5,88.0,94.0,99.5,101.0,102.5,116.5
17272a0078fca38f30952a381215af3d2cc545677b3d47bcf6ca08643d3f32b8,9a2092913aae123098134ac8cb0dbee9250d2596deccdb55bc357d248b84edfd,5acdfa2b4e0a6a5bbb022fb9c8cf0dc5c3931f0769e41130fcca4d402979e587,3914,59.5,53.0,56.0,58.0,59.0,59.5,71.0,72.0,72.5
8be747e15a7d0384e43a34acc3cdac03bb1ab1d15036548ae613c0fca3e5897b,9a857b73685842dc829ab988745ab9cc5c94ceb94e2271ce415ba2c0ce1376c1,08396e62c7c6468d1995a3bc1a47d35d2598e31e28e0c8c8415edf334eb9f2ff,19783,62.66666666666666,58.333333333333336,59.66666666666666,61.333333333333336,63.0,64.33333333333333,65.33333333333333,68.33333333333333,93.0
f4f1c519a874c1019687710d10003afd1ec02de42ef1a087ec05527dabd4b2c1,9216c5111361ea6e29b86782f13148356d424fc9cf902bd44a286485953cbdd8,7e89ccddf0fba168c7978d3909bf7c4d3898248871e085e758e887a30475ac73,15715,21.0,9.666666666666666,10.77777777777778,20.77777777777778,22.444444444444443,23.33333333333333,24.22222222222222,24.33333333333333,32.22222222222222
5e08ca82290a2e4545546c182d073696d3648fe245200d5fc8cbeb4c2b21724c,e56a7a29e50ac84ffa9ee7dee72d4df4e403634be818380edb5be7d3d8c5ee97,75c0d1ed3591cef43631a4d41b9d2969d88661782c7f81671f784266eff8ed9f,17153,901.0,155.0,165.0,689.0,936.0,1212.0,1433.0,1517.0,1533.0
7c9803b5789081f68cd84f1191eec2f8d89826cb2ab9666dd26a5a17d64376a8,ce0e463d122060f30ebbbe9f80f264a393ffaad7a9c7ee536c51236ba8d40046,65d77a5ae4421add87c650d4d4b8fdeff6a389d016eb3b0c554bd8e2465053e4,5168,64.0,54.0,56.5,58.5,66.0,66.0,68.0,117.0,119.0
40d07b9935b0d765eec41cedf70847d06699c0df3e24e1216e0ca893e6e8f71d,9fb0a964dbdb18c9626cddbdd698a57ad68543c41855ef6a88cf1bdce99ddceb,6f06e9904da7f060d7c1ca63407293ccb473561139a9a3a8665909c964748d7d,319572,113.5,66.5,96.0,108.5,114.0,122.5,129.5,135.0,207.5
f563545972401e39fc5a73c2c3b0e1d4b3f9c1ebc050956120f4bcaa548d5349,e709d3e60037af16bb9c11080acd9df0c7a6efcb0efb986d1f8b00e975b503b4,1bd434d4cfc6553d075f39dcdd00c07740d2b4822263a18b8492f919f8551127,9296,18.0,16.428571428571427,16.714285714285715,17.142857142857142,17.571428571428573,18.142857142857142,20.857142857142858,21.571428571428573,21.571428571428573
93c0e06e4a59ab440accff620e97cc4b77de6a82ff8083fa0b868f838825038f,dce7122387d3e63e9fe17beab7f689b53f50c1f330bd70dad11e0c45502ff50e,40f6b3fe962ad7f57ee5e8e39ffdc92810264e21dd3961c334b6e5590be52e04,33181,39.66666666666666,30.666666666666668,34.0,35.0,38.333333333333336,44.0,46.0,63.66666666666666,63.66666666666666
d0b9270800d742440b68748392de34456ac10b037bda6c28f431560ed5be2e41,d0242f7ee62e2734ed4f784068be7a73a5ba31450c82a868b1c4754912f33b70,c9cc809ac0fe303590fc058c55b46270f19db79b8d88828c3d7cfdab8d19181d,6376,29.5,25.75,26.5,29.25,29.5,29.75,34.5,34.75,36.5
779df38d24a4e2875fe5554212c79d755ed5a16bb7cf73efc96d75382216dce7,47f58d92827f16be8e51b9e0edc6bc77ffd1f5bb4d7d5d5f11c5bdd6e7435f8d,542a1aaface036fbea0c24b9c6934c27b1e2e947cc2609014e190fff8d7640f3,3982,69.0,53.0,58.5,66.5,69.0,70.5,77.5,78.0,78.0
040671a98d6adef301311aa3eab7d3a9c048b8b9f8f91caa87d974c38d0b13b8,399cf2b01189870a10f38f4b3715be9b68e7d7a1725ba4f4476be726beac653b,a460bd4004b0212ac55d1fb6f250674705b5eb8984a816952699d87c20722931,12751,157.0,105.0,114.0,145.0,160.0,171.0,194.0,198.0,198.0
f499d5eb9ba17dc0780cf5abe96c237aae8d533470ab29c5628c067d21f7a111,48fa19b9f8bcb5f4c46d35e2d275326f61fc4a73f499782a9b054f6bebfc4b90,1c21c4d2c165b0ade04599e5b992a1bf4ace8047d1ad7eb1b133ce5b00acd570,20633,33.75,28.25,32.0,33.75,34.25,34.5,36.0,36.0,36.75
c00b912167df562430553150b6b4605ce5afd7a571794d55991f758b76af285e,9c14e2316be56d6670531fe26b6dff1f066db752eb63a20daa6d775d0337067d,0f3465f8cf13f3e0bf4f99573e6e23a66f0089cb249123334522f7b440003351,6349,47.75,26.25,27.0,47.0,49.0,51.5,60.25,62.25,70.5
54e4e1ca749d4a982dfb2ec8d26747b2f6ed8fd1d2996d9b165efed512e7fc50,7cff33a049c9ea410f1d191879159b6b5abf02d9bfd5e9d6d933fe8784d178f0,91164e4943d788b1709a102e79fde7e1de604ad7dc310892dc880acef2a1efd7,1495,145.0,113.0,135.0,142.0,145.0,146.0,166.0,167.0,173.0
8eb29c775ced4ba8a0784d1ade9c2d27ff86803d853dc7e5315f86f68553061c,94afe0eadbdebdd531c507bbb7cd934e7f196e142bdaed8760897c75e679e490,ade4817cc1abddb56fe49adcd438b3b8377618153f76021fdad2e2958399bd1f,17250,128.0,128.0,128.0,128.0,129.0,129.0,129.0,129.0,129.0
1dcc3b9474b4cc0b499a008e2cc2f56381ab83031bb2a230bd3d29267de3af36,9ebed12b5576b9f86c324deba091129b33144e3950674a13de850360b0564fcb,a6d7aa6d979bd42c8506200378f9e792c6f78ad0f2db9231bdb0d358de18f819,41293,16.142857142857142,13.142857142857142,13.714285714285714,15.0,15.928571428571429,17.285714285714285,19.142857142857142,21.142857142857142,23.642857142857142
8dfe61cfb64939097580e0d67a5f4ef8a97cebb4d92538df01b985f89a3aeb9c,6c70b7e1ab79d00660b99e0dbf9ef85cb574d5ea4d6908c09e7110a4777f8644,44695dbf520ec5608f0a3e246461abedfe335faa3bf8494b5131ac521cf3f174,17869,135.0,108.0,135.0,135.0,136.0,137.0,137.0,138.0,138.0
913e68ab64c4589a414ae3919e31e39c56039a633126609e99dfbb9bb351f902,f674ff9fb25cff043bc66b0c8ffa3def998f1c3a137665eeb80c45b5363f4016,9e70872494a04201fb6e2bd4e10907de93af22e4b05b95eacba1cd5191f64269,19380,3.159090909090909,2.886363636363636,2.9318181818181817,3.090909090909091,3.159090909090909,3.25,3.409090909090909,3.5,3.5
3693f3b9225844c2baf65d94c7cc86431e65f63d387c10a1f72092de8bd771f5,b769f9ed6acff4fa10a1dd93224ba3b34992d6e5ba616a21e007123a18e40a76,bd2e56f70939f284e8af6ca9f80de768459d0af8171a8e5fcd3cb2e6f0b9e3df,17248,31.5,31.5,31.5,31.5,31.5,31.75,31.75,31.75,31.75
7e9c8a24ce3e5a24314feb1951ef6dbbbd9be62df08d107e55b24b9917a9c9e1,60dfc2d46fa50ea1ef3f4ce74954004a36fce1a4e9c450d1dfe24c1f8b47b218,e71f14096bfe08453aaceea0a6f9c537ef933d5e31806fc46dd31c94e59131e4,23324,29.5,15.166666666666666,27.5,28.666666666666668,29.83333333333333,30.83333333333333,33.5,35.0,45.333333333333336
9fcc11278eeecf5703e214d581bd2fd9f950a2fcd28f654450d5deccdeb09066,ad893cdc0eb6237584899265481842207e5599256dc19bb733145833c348989b,ae6a0f8b865dd32a6090249337bc8d00bb1c5cfe960bc1083182d07b5059cb88,3328,68.5,54.0,60.0,65.0,71.0,71.5,76.0,76.0,76.0
398d0e6f403918ac78a4885480d2167c7833e72fd470f2b184d8f7ca701a519c,dab20fdd35d5a6063d1d906ec3ed564ed593ecbf6b9b550969baaf5d3bbb5b75,66d61e392a734774b9508b160c860aade42edbb832d60fe7f496c3a6a765b237,9402,85.0,37.0,41.5,83.5,87.0,100.5,102.5,109.0,194.0
da78711595556e36aaf11bb25da7b250c2a6197479437f808dacae70ea09837e,e444528880d53069b4186f8f10076a4c9a776250e7ad6a45d3a98a34534a4997,98a71177e74bef3e41cde1ff6afb6170e4aeea20661d0174726379c472642cba,17253,84.5,81.5,81.5,83.5,85.5,86.0,88.5,90.0,93.0
6a7addb4548e58d335e22774e3dc5effe7e88d09d87949fcba03e77112971c2b,592695356fd0f91993d9c62977f08ca5a91b290513ee6ab669bae0209e5ecadc,a984d023033d73446121c557becd918d434274a363f3a9f9766e82c291325a44,17252,44.0,37.0,38.0,39.333333333333336,40.333333333333336,47.66666666666666,57.66666666666666,57.66666666666666,57.66666666666666
205211fd0af7ebb5b9cfb08f7e1eb23a469cef421deb8ede64f89ecf8a49d67a,32f09e807248bf4368780cac66d1eaf77bdfce8ecb1b82becd8a3a40c64a29d1,558892c30ebefeffc83d8c9d2ad5c9d46f55e2e3ae539bf8e66c2e4f7c47793a,34504,14.066666666666666,12.533333333333331,12.8,12.8,14.133333333333333,15.266666666666667,15.666666666666666,15.933333333333334,16.2
1e417fb43f9a480e8ff71f7fc65284896b6db33ddea58232ed95a5f9971dba48,3d32f44990cb307aa856ac9523ac481b905a25430d5a0788fca927b53ffd06a9,0d3a1a637f0b18b284c4d1da7da49988acaff0133e539b51e3d9937c96c05361,6084,119.0,97.0,103.0,114.0,116.0,119.0,136.0,145.0,148.0
a4b6a94544b4b101cc1430d186bd04df8bc013008863a86598139824dedf42ac,8fd53fe1aa335f31c8f41f014794badfdbd31def02b17adb839a589de00afb46,9323ccd60fbd400a7ea5cf0d886bd48830f77c5d2db266e93cc044da21a3d344,17195,80.33333333333333,44.0,45.0,45.333333333333336,46.333333333333336,46.333333333333336,348.3333333333333,348.3333333333333,348.3333333333333
4df00ac33093787a7240c25700911cacf6362bac7f1ccc3978e44bd02e79dd21,ccf6e16bca3e256c85de1b6f4c7149881c5e71256f8f71063708ded6d37cc7e6,3d3189d07f7e28ed9ebef660eee38d3de13c0b78ff8666f0eed097e7bac31ad4,71289,7.03125,4.71875,5.53125,6.1875,6.875,7.65625,9.5,11.125,14.28125
a101212bb2ea3d8f7038102834e881980f29131e994f354562f69cdd8099b786,d621496ea591636df44a9360d7c64541f9c7f3bfe02bb07af0848f54ce9ca5d7,d504091d2df5eb075f9e898dd3f18aedee0bc7672587a786a6f3fe38d8a752f4,17241,113.0,113.0,113.0,113.0,113.0,113.0,114.0,114.0,114.0
b2d9a1d08bd177f878cae69709e978ac4571d9402aacb1769cc2e07d8d0e72e8,8fd53fe1aa335f31c8f41f014794badfdbd31def02b17adb839a589de00afb46,72226a68fd8b7a40d6685bd82d22e6287fb108de06bab0ed74c19bbcdda16902,17244,64.5,64.0,64.0,64.5,64.5,64.5,67.5,69.0,70.5
90852c23662187c53166bed57906b8914d3b51e7376b08ad10711f8045628659,726207c786bc28e3676136bd3a502d4acc82245740c88fc11709c7b633e3f6f6,515b00dca625c757cd9601c2907cfba26b2a5a9908ef89a1bb092be5aaf32f56,11650,32.0,23.666666666666668,26.0,29.666666666666668,32.666666666666664,35.333333333333336,37.66666666666666,37.66666666666666,38.0
1ce66e6065bb8e360abf3ff04e4113998df5ba7768f4729402e67d950bf6fc49,7a1187c4554b67fce172b3922335b13c4cdf01879c1f9601c4674dad45a7d84c,af501def2ac8d8ebcd53ef8ce4f14ef389662679004a1d73474bb2e14c7f2c2e,17237,3.973684210526316,3.5,3.6052631578947367,3.842105263157895,4.026315789473684,4.131578947368421,4.2631578947368425,4.421052631578948,4.473684210526316
766c948f924a52956c59a31a843b082ddca878b1f409889d74bf74fa41d97eed,172297b7dabb1887de6dd5f1ca0b62075b704a198ed0adc857890e0b04f336f2,7abed4b232e911066815162067e388d9159c5e6cd6827c76ed95be1709a81124,665,206.0,146.0,203.0,203.0,208.0,209.0,215.0,217.0,292.0
3e7dea464684e864b21463895061d5350a9498e35cbfb3c45a50815db470e8ef,797cb81435b0b6afaa40903fda964aa25fb7456156dbe5ca72afa3d3fe52c3cf,50371cf716d570565601f85ecae33e90119b95270ee1b2f9246d75e9fd673681,17236,45.333333333333336,44.66666666666666,44.66666666666666,45.333333333333336,45.333333333333336,45.66666666666666,45.66666666666666,45.66666666666666,45.66666666666666
7a47f0d5689ab43eb068e951370988752b9f5dab5b415b1955dc2ddc80d8d0a1,a25ead09d9eb705c731fb8cb3a04b2142371c9e73ae54526567427a3b518d7c4,4eb79ea68f14b8981b498aeb1ea05dc9252ad7ce20ff2cada267ccfa0b276b8c,18433,50.25,41.75,43.75,46.5,49.0,52.5,65.5,71.0,78.25
2efb1c5d5cc1210000253a1b19eba660603568fd4cc4602f76829a5983027177,6845ed8a0e41ca9e3e1f62b5aa27f438ba8360e7777cc12c7a409eec85ad65e5,95a13cfc8bab604a8425935a47dbf0598c098402056a40001b760cc5868c3358,15389,17.11111111111111,12.666666666666666,13.77777777777778,16.88888888888889,17.11111111111111,17.22222222222222,21.444444444444443,22.0,22.77777777777778
cd5bb15f361a39d2e0c1a47131e76c84da9d24762d831a19f17fc4d00ff399eb,f18a1d5c5a01145b9817bab7ee38a6c08f6926ccb1cbd3d836d4dba28bea7ad9,341ae5c0e8bbe832a0390fd66156fc82e93cc645379e044018ce649912667d99,17251,16.352941176470587,12.529411764705882,13.588235294117649,15.294117647058824,16.470588235294116,17.294117647058822,18.94117647058824,22.764705882352946,24.0
a0e9fe2d0dfc6b72885ff65ad89dde2297f8ace478b4a705d2c787e19ee66009,566c5cf650c1e3ba3d29854e90607774142518255ae0cbebb1635f3eecc1018b,0a82801ae33c953c93d5a9ddd91aa438396a303403283f2b5f94dd155980c259,17223,67.5,50.5,52.0,55.5,59.5,62.0,113.5,115.5,116.5
08a86f24cf86d2a868aaa6d34d769a4c5ad7625d48a87ca9b0ebfa68c37d7487,60d057c81f1abcf7f3749ab3b46da046ba37195a0bb3ed1dc42c4804a17118fa,ca487965b47c46b0c1750460bd86be38e884ded326665ca0df9dbce3f0677a73,17251,166.0,143.5,151.5,159.0,165.0,171.0,187.0,205.0,233.0
203a58f321826920e6da11ed7804b6aad1e5cbca5793c3cc4f28d81dfbbe77d6,96f81d47f68d56d4d3ed6d56d5b465680b646c29f57c7abbc8474872beaa7bcd,980b160cc7288298d7b60da28af188861c7f794ed71c42a978e3e6e74da9c68a,3678,58.0,45.5,54.0,55.0,56.5,60.5,70.5,72.5,72.5
5705977505883cc71716ce94456d98e1bf25d7243a0eb55528ddb123fdfada7a,3704afdf60e32d9b8e5249b993a44920c31ee48c830161e839b655f13983bf3f,0a9ad1a03e4bbe5d6b3e950ace427992dd49c0c2d0741113263ecae61939623d,41450,16.818181818181817,15.545454545454543,16.09090909090909,16.454545454545453,16.818181818181817,17.181818181818183,17.545454545454547,18.363636363636363,25.727272727272727
8f0f0a3dc2382b8fae465825578faa4f0bcbdf9491509312f09e568f396ff48f,5a63419a55ffec54f6092c94af3fd1334558e2f72a16de5e57ee01d5964a0009,1820ce66df2e425dc433c18e7d44285bf46f9026bf93a1a49edf890159311cf5,21553,289.0,168.0,174.0,264.0,295.0,345.0,360.0,365.0,366.0
079071253849eb6d06842ff9736f52dc141d065389a996f2cf473ffc075d23a3,15d406ab437097f6c566c7aada3014eedc0a4f48c8c6a33c43734f0d8388cc97,be52b41cd5d134ae6c1c7b655968eb21f3b6c26ea57c9f72a106593238169962,17238,114.0,114.0,114.0,114.0,114.0,114.0,114.0,114.0,114.0
06abe2ffc47f60e964fc7c0c1d6a47d5d9847218e4c6ca5c61246857f75e56c8,a3fbe932b21f0737a36d7a24c3300f67b3b6d2c848ef06f8d8c59f5adb6a6e9b,231c331443f7f427880171d887cdcae577bea00a23d3ced8f842bb90f3be4fde,17250,195.0,195.0,195.0,196.0,196.0,196.0,196.0,196.0,196.0
56dec7696b202346b9ca74a9fee5d44af51d63d95c68ac660607adae6504c3e1,0732063a5ac204cd8eec2b4f43f0566f105c727275ddd0e366152e2337cf8d2c,02c33687c95cfe6b6fd8c0408b8820705afa960a6639eac528685edf5720cef2,21348,5.545454545454546,4.2727272727272725,4.636363636363637,5.045454545454546,5.454545454545454,6.0,6.909090909090909,8.136363636363637,9.545454545454543
e8bd5cb24f5b131f670f994cc0aa120037eb3b09c2264762ffc9299c7902d544,2c8540475d6a21be878a0bc7a22251d0f86eddb0d68c89f73af22dfa32a28a48,b8a494890b1c2581e38d1111dfbc5df5e4c585aa89b4468808ec304a5599372d,6362,101.0,81.0,91.0,97.0,99.0,109.0,112.0,114.0,114.0
80d0b01f11475441f4e192f75c4d46a10f130db6fe320e0deb7739ea7b13c445,a585940ce3483743bbfd5ad24b0f4fc400e1124957dc4e912dabe50c4717228f,8af6af0db5ec252da7f12547778ae9e778a079accd5d8798c3b3f965b47f6c05,17357,170.0,170.0,170.0,170.0,171.0,171.0,171.0,171.0,171.0
d186ac2757a9eed6bd67a8ff07675dc5deaeb2e9459d48d3b6a71aef87467ad6,936b6ff326754e73bd201e13b0e30f1334f11bfee9be963c78e8d464a0b15cb5,6fbe506ff5fb56ed8b8d05f7623b871f29a46495a88c181920c1e50e61da6716,52996,156.0,90.0,92.0,109.0,129.0,152.0,280.0,932.0,1493.0
f333a09c6e6532d0a631b4bd06acda360b82bb6058a928f8e725d159a88124e3,fde6c9b729397944263942a32f1a0ba18a87c6f312447e49311d3a990e52dca0,205621e3ff75d57838a772c9bd18cac854d7b96247e9cd7fa6d7b1be2d908ef2,19720,119.0,102.0,109.0,112.0,114.0,127.0,145.0,152.0,156.0
4af01daf34b2587d14dbf610ed61846dc89ac9f8b446d20177ca884a133df4ad,f00d10dbb55cb5c1d2c4322cc726a4f7a0a0283d88323b5faa401963615ebec0,76e56416ed52681d00f7019a9b61d0c5adfd788bc33716647a0611918c4db48d,6861,114.5,105.5,108.0,112.0,114.0,117.0,128.0,129.5,148.0
7997f320c95fad27628b90bb5b42450442dface8ade783e1ddfee039d36c3793,a9bd405f1377658fadabfedd49d1700a76f91170e76ee82d1957e30f9e314dda,de6d982299d7f973c4c9b2499f738b53d7f38a9bdb0c3722106d29d359124241,19923,126.0,111.0,115.0,117.0,129.0,130.0,132.0,193.0,198.0
0dbd1c9144e74c0d2544fc48a0af139d53366dae4e2b0fe1adab8ade35a4cfcd,a1e2125b17a83a8bc95bbf8e054f4440d3de19d37e4ef438a13d4a30f260ed49,65644da8624c2ce68c0ce1106ab8a78d405ae8b328068fbc4502bcccf03c9281,14458,157.0,125.0,144.0,152.0,158.0,163.0,173.0,186.0,186.0
1cb6ada7ba8e11022912e24bcf1fa24fadb5e553b1b5468903ae843731840c92,64795c9fcdecb5c931e42c10bfa4fd1fd6ea4b060a98d4f1f3cc6a2b2f847118,7b68cb7d00f65dc9494fcbbcb571833bcca7f061d63f5eecb32ad43ea8544f66,31077,51.75,27.75,29.25,36.5,48.25,62.0,87.5,117.25,224.75
824d23cbc21b435d62f20f52b0d7758d5ea11054fe39134e1ed32901d56cdf0a,d07716a30b24f524dfe6fa45f9a30caa95b579d2c1e4f0da71287db70c1f6f0a,1e8a8aa205d04420b34ec13a5bbdbee7c35fd6e01521cb8cb161cbf6ce16ea1c,268,114.0,104.0,110.0,114.0,115.0,115.0,118.0,119.0,119.0
e5bfd75b50e0e666790efd60b9021a0e0e53b3308c28908adbbbedef1f8b5ec9,8fd53fe1aa335f31c8f41f014794badfdbd31def02b17adb839a589de00afb46,b8e1e7c2ab5ebf1a2a59c79ddd3f44eeb2c492ae0ccdf2a2ed4887ca8d57f1df,16519,123.66666666666669,45.66666666666666,45.66666666666666,46.0,132.0,167.66666666666666,268.3333333333333,309.0,401.3333333333333
2ab1372ff1ecc83bfb79e9a9059247fcfd2e040ca836e22a8f01681c96b9633b,316c8ad98fff1d7dc2f2a427401ce38a06ca9cfb19de4df6712664083a5700ba,5cd3fc793f0785e6b0954bb711a918f6fe074d2bd0879a6feee9d8e6029cdc05,21638,32.75,27.0,29.0,30.25,33.0,34.5,36.5,40.0,53.25
