runtime,config,config_description,pods,cpu_per_pod_m,total_cpu_m,concurrency,target_rps,achieved_rps,avg_latency_ms,median_latency_ms,p95_latency_ms,p99_latency_ms,min_latency_ms,max_latency_ms,total_requests,result_dir,avg_cpu_percent,avg_memory_percent,avg_pod_count
python,b2,"Dual Pod (2 pods, 500m)",2,500,1000,100,20.0,10.0,7.049809166666667,7.155,15.9528,24.84862,1.508,52.755,1200,results_fibonacci_python_b2,37.766296296296304,10.657913773148149,2.0
python,b2,"Dual Pod (2 pods, 500m)",2,500,1000,100,40.0,20.0,6.7417925,6.7295,14.48929999999998,25.824459999999966,1.161,65.996,2400,results_fibonacci_python_b2,37.766296296296304,10.657913773148149,2.0
python,b2,"Dual Pod (2 pods, 500m)",2,500,1000,100,60.0,31.22,6.227625467164976,6.3225,13.47,23.20395000000003,1.221,63.999,3746,results_fibonacci_python_b2,37.766296296296304,10.657913773148149,2.0
python,b2,"Dual Pod (2 pods, 500m)",2,500,1000,100,80.0,41.48,6.367320409803134,6.3795,14.06464999999998,22.65571999999997,1.031,77.255,4978,results_fibonacci_python_b2,37.766296296296304,10.657913773148149,2.0
python,b2,"Dual Pod (2 pods, 500m)",2,500,1000,100,100.0,49.65,6.174609498237959,6.118,13.8763,23.916400000000003,1.022,70.492,5959,results_fibonacci_python_b2,37.766296296296304,10.657913773148149,2.0
python,b2,"Dual Pod (2 pods, 500m)",2,500,1000,100,120.0,61.0,7.372046851523016,6.513,17.902,31.75380000000004,1.044,232.044,7321,results_fibonacci_python_b2,37.766296296296304,10.657913773148149,2.0
python,b2,"Dual Pod (2 pods, 500m)",2,500,1000,100,140.0,69.88,6.49613628234172,5.981,15.236199999999998,25.489519999999988,0.948,69.145,8387,results_fibonacci_python_b2,37.766296296296304,10.657913773148149,2.0
python,b2,"Dual Pod (2 pods, 500m)",2,500,1000,100,160.0,80.83,6.636598598082672,5.994,16.169,26.273,0.975,98.646,9701,results_fibonacci_python_b2,37.766296296296304,10.657913773148149,2.0
python,b2,"Dual Pod (2 pods, 500m)",2,500,1000,100,180.0,94.48,7.630877579820074,6.121,20.34375,38.45430999999997,0.952,139.445,11338,results_fibonacci_python_b2,37.766296296296304,10.657913773148149,2.0
python,b2,"Dual Pod (2 pods, 500m)",2,500,1000,100,200.0,95.73,6.908481462140992,5.9625,16.623349999999974,29.169420000000013,1.017,214.037,11490,results_fibonacci_python_b2,37.766296296296304,10.657913773148149,2.0
python,b2,"Dual Pod (2 pods, 500m)",2,500,1000,100,220.0,115.53,8.083447169130906,6.35,20.6696,39.79596000000011,1.022,151.004,13865,results_fibonacci_python_b2,37.766296296296304,10.657913773148149,2.0
python,b2,"Dual Pod (2 pods, 500m)",2,500,1000,100,240.0,116.28,8.200216553206735,6.437,21.7881,40.30946,1.005,108.746,13955,results_fibonacci_python_b2,37.766296296296304,10.657913773148149,2.0
python,b2,"Dual Pod (2 pods, 500m)",2,500,1000,100,260.0,140.74,15.886095872564692,8.675,58.92849999999997,105.49665999999996,1.009,233.128,16887,results_fibonacci_python_b2,37.766296296296304,10.657913773148149,2.0
python,b2,"Dual Pod (2 pods, 500m)",2,500,1000,100,280.0,138.76,18.0377463815987,9.955,64.3725,111.23,1.039,268.949,16651,results_fibonacci_python_b2,37.766296296296304,10.657913773148149,2.0
python,b2,"Dual Pod (2 pods, 500m)",2,500,1000,100,300.0,141.63,15.71850911764706,9.3135,53.33425,95.41242999999992,0.974,1026.988,17000,results_fibonacci_python_b2,37.766296296296304,10.657913773148149,2.0
python,b1,"Single Pod (1 pod, 1000m)",1,1000,1000,100,20.0,10.0,7.003196666666667,7.03,15.1195,24.867739999999998,1.54,68.688,1200,results_fibonacci_python_b1,32.412274368231046,5.441956227436823,1.0
python,b1,"Single Pod (1 pod, 1000m)",1,1000,1000,100,40.0,19.98,6.652080867027928,6.82,14.8466,23.984499999999997,1.062,79.128,2399,results_fibonacci_python_b1,32.412274368231046,5.441956227436823,1.0
python,b1,"Single Pod (1 pod, 1000m)",1,1000,1000,100,60.0,31.2,6.808479166666667,6.382,16.13564999999999,31.450350000000025,1.176,124.815,3744,results_fibonacci_python_b1,32.412274368231046,5.441956227436823,1.0
python,b1,"Single Pod (1 pod, 1000m)",1,1000,1000,100,80.0,41.43,6.651182988135934,6.038,16.034399999999998,27.261959999999984,1.028,196.495,4973,results_fibonacci_python_b1,32.412274368231046,5.441956227436823,1.0
python,b1,"Single Pod (1 pod, 1000m)",1,1000,1000,100,100.0,49.57,6.029709145931405,5.785,14.1803,23.576129999999992,0.957,66.921,5948,results_fibonacci_python_b1,32.412274368231046,5.441956227436823,1.0
python,b1,"Single Pod (1 pod, 1000m)",1,1000,1000,100,120.0,61.58,6.54172818292518,5.659,15.387,32.45190000000007,0.967,182.118,7391,results_fibonacci_python_b1,32.412274368231046,5.441956227436823,1.0
python,b1,"Single Pod (1 pod, 1000m)",1,1000,1000,100,140.0,69.47,6.857798464491363,5.739,17.92825,34.84249999999996,1.042,88.898,8336,results_fibonacci_python_b1,32.412274368231046,5.441956227436823,1.0
python,b1,"Single Pod (1 pod, 1000m)",1,1000,1000,100,160.0,80.87,6.690637712519321,5.557,17.1562,33.39875999999993,0.965,115.683,9705,results_fibonacci_python_b1,32.412274368231046,5.441956227436823,1.0
python,b1,"Single Pod (1 pod, 1000m)",1,1000,1000,100,180.0,95.63,7.25832499782173,5.569,18.91819999999998,46.035799999999966,0.942,192.402,11477,results_fibonacci_python_b1,32.412274368231046,5.441956227436823,1.0
python,b1,"Single Pod (1 pod, 1000m)",1,1000,1000,100,200.0,95.07,8.787880445262513,6.089,24.55060000000001,63.80376,1.01,252.818,11409,results_fibonacci_python_b1,32.412274368231046,5.441956227436823,1.0
python,b1,"Single Pod (1 pod, 1000m)",1,1000,1000,100,220.0,116.42,10.301415074082028,6.318,34.9495,66.29779999999995,0.976,174.948,13971,results_fibonacci_python_b1,32.412274368231046,5.441956227436823,1.0
python,b1,"Single Pod (1 pod, 1000m)",1,1000,1000,100,240.0,116.5,11.24719914193779,6.412,38.31419999999996,79.81539999999995,1.104,273.915,13985,results_fibonacci_python_b1,32.412274368231046,5.441956227436823,1.0
python,b1,"Single Pod (1 pod, 1000m)",1,1000,1000,100,260.0,137.4,25.204090038198025,12.544,84.00559999999999,162.99484,1.019,435.547,16493,results_fibonacci_python_b1,32.412274368231046,5.441956227436823,1.0
python,b1,"Single Pod (1 pod, 1000m)",1,1000,1000,100,280.0,139.46,24.81012713585853,12.647,82.71664999999997,130.81609000000003,0.933,1027.034,16738,results_fibonacci_python_b1,32.412274368231046,5.441956227436823,1.0
python,b1,"Single Pod (1 pod, 1000m)",1,1000,1000,100,300.0,141.92,23.51447539635937,11.0105,81.89569999999995,146.90481999999926,0.954,346.514,17030,results_fibonacci_python_b1,32.412274368231046,5.441956227436823,1.0
python,b4,"Octa Pod (8 pods, 125m)",8,125,1000,100,20.0,10.0,31.022691666666667,7.675,20.12034999999999,1128.0611399999989,1.824,2328.552,1200,results_fibonacci_python_b4,48.1396,44.259765625,8.0
python,b4,"Octa Pod (8 pods, 125m)",8,125,1000,100,40.0,19.98,7.187297624010005,6.97,17.625299999999996,26.240839999999988,1.474,121.379,2399,results_fibonacci_python_b4,48.1396,44.259765625,8.0
python,b4,"Octa Pod (8 pods, 125m)",8,125,1000,100,60.0,31.18,8.137455249799626,6.857,17.9346,32.903679999999994,1.124,596.319,3743,results_fibonacci_python_b4,48.1396,44.259765625,8.0
python,b4,"Octa Pod (8 pods, 125m)",8,125,1000,100,80.0,41.32,7.6275938697318,6.868,18.98419999999995,34.78760000000006,1.216,126.734,4959,results_fibonacci_python_b4,48.1396,44.259765625,8.0
python,b4,"Octa Pod (8 pods, 125m)",8,125,1000,100,100.0,49.55,6.780154699848663,6.522,15.926999999999987,25.49688,1.073,92.012,5947,results_fibonacci_python_b4,48.1396,44.259765625,8.0
python,b4,"Octa Pod (8 pods, 125m)",8,125,1000,100,120.0,61.38,6.541796932265508,6.094,15.3485,25.769260000000013,0.981,96.507,7367,results_fibonacci_python_b4,48.1396,44.259765625,8.0
python,b4,"Octa Pod (8 pods, 125m)",8,125,1000,100,140.0,69.63,7.1182123713807135,6.34,17.805949999999996,28.37675000000001,1.028,100.956,8358,results_fibonacci_python_b4,48.1396,44.259765625,8.0
python,b4,"Octa Pod (8 pods, 125m)",8,125,1000,100,160.0,79.98,7.666171684550474,6.369,19.225,36.809840000000015,0.972,162.429,9599,results_fibonacci_python_b4,48.1396,44.259765625,8.0
python,b4,"Octa Pod (8 pods, 125m)",8,125,1000,100,180.0,95.13,7.714939476219673,6.543,19.719999999999946,33.497960000000006,1.065,142.064,11417,results_fibonacci_python_b4,48.1396,44.259765625,8.0
python,b4,"Octa Pod (8 pods, 125m)",8,125,1000,100,200.0,94.68,7.857333069341781,6.591,20.535850000000007,34.95126000000008,1.038,92.887,11364,results_fibonacci_python_b4,48.1396,44.259765625,8.0
python,b4,"Octa Pod (8 pods, 125m)",8,125,1000,100,220.0,115.01,8.503024632326305,6.668,22.576799999999995,40.31898,1.015,257.385,13803,results_fibonacci_python_b4,48.1396,44.259765625,8.0
python,b4,"Octa Pod (8 pods, 125m)",8,125,1000,100,240.0,114.48,9.524707620641967,6.776,26.23869999999999,65.06337999999991,1.084,159.877,13739,results_fibonacci_python_b4,48.1396,44.259765625,8.0
python,b4,"Octa Pod (8 pods, 125m)",8,125,1000,100,260.0,135.7,17.634590772440028,10.382,60.52909999999992,113.1173600000001,1.102,262.51,16299,results_fibonacci_python_b4,48.1396,44.259765625,8.0
python,b4,"Octa Pod (8 pods, 125m)",8,125,1000,100,280.0,139.22,16.917053813001317,9.442,59.77125,125.14580000000004,1.043,334.425,16706,results_fibonacci_python_b4,48.1396,44.259765625,8.0
python,b4,"Octa Pod (8 pods, 125m)",8,125,1000,100,300.0,141.18,16.654046093012276,9.1025,60.517999999999766,116.71724999999996,0.968,320.026,16944,results_fibonacci_python_b4,48.1396,44.259765625,8.0
python,b3,"Quad Pod (4 pods, 250m)",4,250,1000,100,20.0,10.0,7.505882499999999,7.223,17.494799999999998,28.455929999999988,1.653,56.896,1200,results_fibonacci_python_b3,42.965648854961835,21.4541835639313,4.0
python,b3,"Quad Pod (4 pods, 250m)",4,250,1000,100,40.0,20.0,6.764024999999999,6.779,15.506299999999982,24.32422999999997,1.273,43.906,2400,results_fibonacci_python_b3,42.965648854961835,21.4541835639313,4.0
python,b3,"Quad Pod (4 pods, 250m)",4,250,1000,100,60.0,31.22,6.635380037363224,6.664,14.507099999999998,24.53036,1.062,62.862,3747,results_fibonacci_python_b3,42.965648854961835,21.4541835639313,4.0
python,b3,"Quad Pod (4 pods, 250m)",4,250,1000,100,80.0,41.38,6.889165894906382,6.713,16.030799999999996,25.55564000000003,1.096,99.439,4967,results_fibonacci_python_b3,42.965648854961835,21.4541835639313,4.0
python,b3,"Quad Pod (4 pods, 250m)",4,250,1000,100,100.0,49.7,6.447669572506286,6.336,15.117800000000004,25.18539999999996,1.058,67.264,5965,results_fibonacci_python_b3,42.965648854961835,21.4541835639313,4.0
python,b3,"Quad Pod (4 pods, 250m)",4,250,1000,100,120.0,61.33,7.149266096169519,6.324,18.54625,36.37247000000006,1.022,82.759,7362,results_fibonacci_python_b3,42.965648854961835,21.4541835639313,4.0
python,b3,"Quad Pod (4 pods, 250m)",4,250,1000,100,140.0,69.75,6.5285661211324815,6.072,15.9315,25.235399999999835,1.019,103.223,8371,results_fibonacci_python_b3,42.965648854961835,21.4541835639313,4.0
python,b3,"Quad Pod (4 pods, 250m)",4,250,1000,100,160.0,80.97,6.608855510960173,6.062,15.878399999999996,27.12556000000002,0.997,100.777,9717,results_fibonacci_python_b3,42.965648854961835,21.4541835639313,4.0
python,b3,"Quad Pod (4 pods, 250m)",4,250,1000,100,180.0,94.23,8.731872314086125,6.499,23.870200000000004,53.03936000000001,1.104,212.033,11309,results_fibonacci_python_b3,42.965648854961835,21.4541835639313,4.0
python,b3,"Quad Pod (4 pods, 250m)",4,250,1000,100,200.0,95.3,7.178943866398531,6.168,17.888199999999998,30.11864,0.96,151.918,11437,results_fibonacci_python_b3,42.965648854961835,21.4541835639313,4.0
python,b3,"Quad Pod (4 pods, 250m)",4,250,1000,100,220.0,115.55,8.29407370546661,6.4105,21.772,43.37295000000001,0.99,199.383,13866,results_fibonacci_python_b3,42.965648854961835,21.4541835639313,4.0
python,b3,"Quad Pod (4 pods, 250m)",4,250,1000,100,240.0,114.61,8.814917914788426,6.7915,24.578549999999986,40.65216999999993,1.113,99.007,13754,results_fibonacci_python_b3,42.965648854961835,21.4541835639313,4.0
python,b3,"Quad Pod (4 pods, 250m)",4,250,1000,100,260.0,140.65,15.36393595212703,9.152,53.00214999999997,100.91334999999998,1.05,254.37,16878,results_fibonacci_python_b3,42.965648854961835,21.4541835639313,4.0
python,b3,"Quad Pod (4 pods, 250m)",4,250,1000,100,280.0,139.2,16.72647180316092,9.5685,58.090899999999976,103.3481000000004,1.014,345.634,16704,results_fibonacci_python_b3,42.965648854961835,21.4541835639313,4.0
python,b3,"Quad Pod (4 pods, 250m)",4,250,1000,100,300.0,138.94,16.826662308845577,9.417,58.65449999999999,107.12377999999993,1.037,233.087,16675,results_fibonacci_python_b3,42.965648854961835,21.4541835639313,4.0
python,b5,"Deca Pod (10 pods, 100m)",10,100,1000,100,20.0,10.0,9.215545833333334,7.297,19.60535,84.90261999999997,1.656,295.07,1200,results_fibonacci_python_b5,48.847540983606564,52.89967021004098,10.0
python,b5,"Deca Pod (10 pods, 100m)",10,100,1000,100,40.0,19.98,6.855570475396164,6.8175,16.04895,25.89371000000009,1.301,83.144,2398,results_fibonacci_python_b5,48.847540983606564,52.89967021004098,10.0
python,b5,"Deca Pod (10 pods, 100m)",10,100,1000,100,60.0,31.2,6.668170138888889,6.543,15.3295,25.092680000000005,1.088,108.806,3744,results_fibonacci_python_b5,48.847540983606564,52.89967021004098,10.0
python,b5,"Deca Pod (10 pods, 100m)",10,100,1000,100,80.0,41.5,6.526848624774142,6.248,16.087,25.323199999999986,1.058,94.921,4981,results_fibonacci_python_b5,48.847540983606564,52.89967021004098,10.0
python,b5,"Deca Pod (10 pods, 100m)",10,100,1000,100,100.0,49.52,6.619955073195356,6.468,15.416299999999987,23.85916,1.066,136.152,5943,results_fibonacci_python_b5,48.847540983606564,52.89967021004098,10.0
python,b5,"Deca Pod (10 pods, 100m)",10,100,1000,100,120.0,61.13,7.817244753338784,6.499,20.460149999999988,41.19129000000001,1.076,107.968,7338,results_fibonacci_python_b5,48.847540983606564,52.89967021004098,10.0
python,b5,"Deca Pod (10 pods, 100m)",10,100,1000,100,140.0,69.87,6.517328484559437,6.04,15.666199999999998,25.97741999999997,0.963,124.942,8387,results_fibonacci_python_b5,48.847540983606564,52.89967021004098,10.0
python,b5,"Deca Pod (10 pods, 100m)",10,100,1000,100,160.0,80.15,7.654535807088661,6.314,19.455,43.09159999999992,0.969,117.98,9621,results_fibonacci_python_b5,48.847540983606564,52.89967021004098,10.0
python,b5,"Deca Pod (10 pods, 100m)",10,100,1000,100,180.0,93.91,8.45460935143288,6.825,22.562,38.10109999999999,1.037,113.596,11271,results_fibonacci_python_b5,48.847540983606564,52.89967021004098,10.0
python,b5,"Deca Pod (10 pods, 100m)",10,100,1000,100,200.0,95.52,7.377810973482205,6.4515,18.15255,29.08916000000013,0.988,109.573,11464,results_fibonacci_python_b5,48.847540983606564,52.89967021004098,10.0
python,b5,"Deca Pod (10 pods, 100m)",10,100,1000,100,220.0,112.92,9.967960965171192,7.275,28.164849999999984,50.29103999999996,0.976,146.887,13552,results_fibonacci_python_b5,48.847540983606564,52.89967021004098,10.0
python,b5,"Deca Pod (10 pods, 100m)",10,100,1000,100,240.0,115.61,7.955169068895935,6.5945,19.77275,33.22775,0.993,605.37,13876,results_fibonacci_python_b5,48.847540983606564,52.89967021004098,10.0
python,b5,"Deca Pod (10 pods, 100m)",10,100,1000,100,260.0,137.91,16.57976332326284,9.692,57.4732,105.70169000000004,0.997,225.434,16550,results_fibonacci_python_b5,48.847540983606564,52.89967021004098,10.0
python,b5,"Deca Pod (10 pods, 100m)",10,100,1000,100,280.0,137.36,16.31020297239915,10.147,53.00079999999999,93.46572,1.098,252.733,16485,results_fibonacci_python_b5,48.847540983606564,52.89967021004098,10.0
python,b5,"Deca Pod (10 pods, 100m)",10,100,1000,100,300.0,138.45,17.33763938372653,9.9115,61.59275,118.79604999999997,0.953,257.403,16616,results_fibonacci_python_b5,48.847540983606564,52.89967021004098,10.0
go,b5,"Deca Pod (10 pods, 100m)",10,100,1000,100,20.0,10.0,6.6527666666666665,6.399,14.218549999999995,23.34415999999998,1.483,119.665,1200,results_fibonacci_go_b5,41.70040485829961,26.127593623481783,10.0
go,b5,"Deca Pod (10 pods, 100m)",10,100,1000,100,40.0,20.0,6.38633375,6.08,14.477199999999998,23.41798999999997,1.269,62.97,2400,results_fibonacci_go_b5,41.70040485829961,26.127593623481783,10.0
go,b5,"Deca Pod (10 pods, 100m)",10,100,1000,100,60.0,31.25,6.227365164043745,5.973,14.470199999999998,23.991359999999997,1.158,85.127,3749,results_fibonacci_go_b5,41.70040485829961,26.127593623481783,10.0
go,b5,"Deca Pod (10 pods, 100m)",10,100,1000,100,80.0,41.55,6.141499297893681,5.741,14.219400000000002,24.48624,1.126,111.719,4985,results_fibonacci_go_b5,41.70040485829961,26.127593623481783,10.0
go,b5,"Deca Pod (10 pods, 100m)",10,100,1000,100,100.0,49.68,5.87610382422006,5.542,14.194949999999992,22.847280000000016,1.029,84.559,5962,results_fibonacci_go_b5,41.70040485829961,26.127593623481783,10.0
go,b5,"Deca Pod (10 pods, 100m)",10,100,1000,100,120.0,61.23,7.189340411052131,5.851,19.368,37.67229999999999,1.026,92.78,7347,results_fibonacci_go_b5,41.70040485829961,26.127593623481783,10.0
go,b5,"Deca Pod (10 pods, 100m)",10,100,1000,100,140.0,69.78,6.350352280869358,5.5925,15.541349999999998,25.88702000000001,0.984,81.141,8374,results_fibonacci_go_b5,41.70040485829961,26.127593623481783,10.0
go,b5,"Deca Pod (10 pods, 100m)",10,100,1000,100,160.0,80.1,6.449913848715014,5.558,15.938,27.794399999999992,0.991,108.119,9611,results_fibonacci_go_b5,41.70040485829961,26.127593623481783,10.0
go,b5,"Deca Pod (10 pods, 100m)",10,100,1000,100,180.0,93.81,7.616297299697992,5.934,20.69515,36.785380000000046,1.024,353.192,11258,results_fibonacci_go_b5,41.70040485829961,26.127593623481783,10.0
go,b5,"Deca Pod (10 pods, 100m)",10,100,1000,100,200.0,95.72,6.646385773985722,5.6235,16.50725,28.36574999999993,0.974,168.367,11486,results_fibonacci_go_b5,41.70040485829961,26.127593623481783,10.0
go,b5,"Deca Pod (10 pods, 100m)",10,100,1000,100,220.0,114.75,8.35855236020334,6.189,22.873949999999997,41.72979999999991,1.071,123.297,13770,results_fibonacci_go_b5,41.70040485829961,26.127593623481783,10.0
go,b5,"Deca Pod (10 pods, 100m)",10,100,1000,100,240.0,115.47,7.975809266074908,6.204,20.8384,35.70828000000002,1.058,177.883,13857,results_fibonacci_go_b5,41.70040485829961,26.127593623481783,10.0
go,b5,"Deca Pod (10 pods, 100m)",10,100,1000,100,260.0,138.23,15.814515010851215,8.1935,59.42679999999999,125.71052,1.103,280.466,16588,results_fibonacci_go_b5,41.70040485829961,26.127593623481783,10.0
go,b5,"Deca Pod (10 pods, 100m)",10,100,1000,100,280.0,136.68,15.841312282840596,8.973,54.83799999999992,104.054,1.052,260.695,16405,results_fibonacci_go_b5,41.70040485829961,26.127593623481783,10.0
go,b5,"Deca Pod (10 pods, 100m)",10,100,1000,100,300.0,139.33,14.618304670214677,8.213,52.54679999999999,100.09241999999983,0.963,213.801,16723,results_fibonacci_go_b5,41.70040485829961,26.127593623481783,10.0
go,b4,"Octa Pod (8 pods, 125m)",8,125,1000,100,20.0,10.0,6.478899999999999,6.235,14.683149999999998,24.28164,1.65,40.948,1200,results_fibonacci_go_b4,40.0304347826087,21.47163722826087,8.0
go,b4,"Octa Pod (8 pods, 125m)",8,125,1000,100,40.0,20.0,6.138317916666667,5.9595,13.64029999999999,22.233659999999936,1.22,76.625,2400,results_fibonacci_go_b4,40.0304347826087,21.47163722826087,8.0
go,b4,"Octa Pod (8 pods, 125m)",8,125,1000,100,60.0,31.2,5.99691452991453,5.768,13.749549999999996,22.071900000000014,1.117,107.551,3744,results_fibonacci_go_b4,40.0304347826087,21.47163722826087,8.0
go,b4,"Octa Pod (8 pods, 125m)",8,125,1000,100,80.0,41.53,6.000101946618503,5.672,13.745799999999974,23.064000000000146,0.994,159.191,4983,results_fibonacci_go_b4,40.0304347826087,21.47163722826087,8.0
go,b4,"Octa Pod (8 pods, 125m)",8,125,1000,100,100.0,49.73,5.859348416289593,5.48,13.795199999999992,22.64968,1.064,94.325,5967,results_fibonacci_go_b4,40.0304347826087,21.47163722826087,8.0
go,b4,"Octa Pod (8 pods, 125m)",8,125,1000,100,120.0,61.52,6.514989298293145,5.5655,16.4104,29.245479999999844,1.03,105.286,7382,results_fibonacci_go_b4,40.0304347826087,21.47163722826087,8.0
go,b4,"Octa Pod (8 pods, 125m)",8,125,1000,100,140.0,69.57,6.603304144705319,5.847,16.16865,25.310300000000005,1.083,103.115,8348,results_fibonacci_go_b4,40.0304347826087,21.47163722826087,8.0
go,b4,"Octa Pod (8 pods, 125m)",8,125,1000,100,160.0,80.33,6.994211225230833,5.928,18.033300000000004,29.14352000000012,0.948,75.207,9639,results_fibonacci_go_b4,40.0304347826087,21.47163722826087,8.0
go,b4,"Octa Pod (8 pods, 125m)",8,125,1000,100,180.0,93.85,7.972415467945303,6.25,21.521649999999998,37.65498999999998,0.969,103.594,11262,results_fibonacci_go_b4,40.0304347826087,21.47163722826087,8.0
go,b4,"Octa Pod (8 pods, 125m)",8,125,1000,100,200.0,95.1,7.208441640378549,5.9585,17.715699999999995,31.10115999999997,0.965,153.018,11412,results_fibonacci_go_b4,40.0304347826087,21.47163722826087,8.0
go,b4,"Octa Pod (8 pods, 125m)",8,125,1000,100,220.0,113.05,9.704136960047178,6.395,29.5775,64.34135000000005,1.068,155.313,13566,results_fibonacci_go_b4,40.0304347826087,21.47163722826087,8.0
go,b4,"Octa Pod (8 pods, 125m)",8,125,1000,100,240.0,116.1,7.589854733366827,6.073,19.431399999999982,32.9378,1.071,124.533,13933,results_fibonacci_go_b4,40.0304347826087,21.47163722826087,8.0
go,b4,"Octa Pod (8 pods, 125m)",8,125,1000,100,260.0,141.11,15.419991615988664,8.166,54.01979999999995,111.17135999999977,1.028,396.36,16937,results_fibonacci_go_b4,40.0304347826087,21.47163722826087,8.0
go,b4,"Octa Pod (8 pods, 125m)",8,125,1000,100,280.0,138.53,14.698909790714456,8.174,51.33399999999999,99.43472999999996,1.027,227.983,16628,results_fibonacci_go_b4,40.0304347826087,21.47163722826087,8.0
go,b4,"Octa Pod (8 pods, 125m)",8,125,1000,100,300.0,141.88,13.79482979972984,7.479,50.397299999999966,96.55502000000068,1.01,238.421,17027,results_fibonacci_go_b4,40.0304347826087,21.47163722826087,8.0
go,b3,"Quad Pod (4 pods, 250m)",4,250,1000,100,20.0,10.0,6.485365,6.3405,14.982149999999995,25.740019999999998,1.668,76.894,1200,results_fibonacci_go_b3,40.07110266159695,11.589531844106464,4.0
go,b3,"Quad Pod (4 pods, 250m)",4,250,1000,100,40.0,20.0,6.422939583333334,6.103,15.187399999999991,24.59948999999994,1.088,105.776,2400,results_fibonacci_go_b3,40.07110266159695,11.589531844106464,4.0
go,b3,"Quad Pod (4 pods, 250m)",4,250,1000,100,60.0,31.2,6.525700053418804,5.9565,16.0018,29.377320000000044,1.092,58.221,3744,results_fibonacci_go_b3,40.07110266159695,11.589531844106464,4.0
go,b3,"Quad Pod (4 pods, 250m)",4,250,1000,100,80.0,41.52,6.659282215977519,5.914,17.42219999999999,28.72408999999996,1.073,59.298,4982,results_fibonacci_go_b3,40.07110266159695,11.589531844106464,4.0
go,b3,"Quad Pod (4 pods, 250m)",4,250,1000,100,100.0,49.6,5.887217405913979,5.6575,13.76435,23.03465999999999,1.051,60.913,5952,results_fibonacci_go_b3,40.07110266159695,11.589531844106464,4.0
go,b3,"Quad Pod (4 pods, 250m)",4,250,1000,100,120.0,61.48,5.830273824047715,5.433,13.3672,23.238039999999994,1.011,110.079,7377,results_fibonacci_go_b3,40.07110266159695,11.589531844106464,4.0
go,b3,"Quad Pod (4 pods, 250m)",4,250,1000,100,140.0,69.69,6.693053336522363,5.6785,16.660199999999996,32.028269999999885,1.068,115.485,8362,results_fibonacci_go_b3,40.07110266159695,11.589531844106464,4.0
go,b3,"Quad Pod (4 pods, 250m)",4,250,1000,100,160.0,80.18,6.657087196009146,5.494,17.71744999999999,32.62849999999995,0.972,76.842,9622,results_fibonacci_go_b3,40.07110266159695,11.589531844106464,4.0
go,b3,"Quad Pod (4 pods, 250m)",4,250,1000,100,180.0,95.32,6.89130445046778,5.625,18.5668,32.30784,0.915,100.469,11437,results_fibonacci_go_b3,40.07110266159695,11.589531844106464,4.0
go,b3,"Quad Pod (4 pods, 250m)",4,250,1000,100,200.0,94.43,7.046194228732792,5.582,19.04464999999998,36.13172000000005,0.948,97.645,11332,results_fibonacci_go_b3,40.07110266159695,11.589531844106464,4.0
go,b3,"Quad Pod (4 pods, 250m)",4,250,1000,100,220.0,116.27,6.975141485091744,5.607,17.85645,30.622279999999986,0.995,110.787,13952,results_fibonacci_go_b3,40.07110266159695,11.589531844106464,4.0
go,b3,"Quad Pod (4 pods, 250m)",4,250,1000,100,240.0,114.63,8.565039764466416,6.051,24.303,51.30115000000002,1.075,139.433,13756,results_fibonacci_go_b3,40.07110266159695,11.589531844106464,4.0
go,b3,"Quad Pod (4 pods, 250m)",4,250,1000,100,260.0,141.99,15.624550783312795,7.992,57.355,114.72839999999984,0.989,275.546,17043,results_fibonacci_go_b3,40.07110266159695,11.589531844106464,4.0
go,b3,"Quad Pod (4 pods, 250m)",4,250,1000,100,280.0,141.1,16.40863113447115,8.447,61.57919999999999,108.61932,1.003,216.488,16933,results_fibonacci_go_b3,40.07110266159695,11.589531844106464,4.0
go,b3,"Quad Pod (4 pods, 250m)",4,250,1000,100,300.0,142.8,14.684745579739744,7.593,55.091,102.36943999999971,1.079,254.879,17137,results_fibonacci_go_b3,40.07110266159695,11.589531844106464,4.0
go,b2,"Dual Pod (2 pods, 500m)",2,500,1000,100,20.0,10.0,6.635065833333333,6.3015,15.160849999999998,27.19126,1.739,36.996,1200,results_fibonacci_go_b2,33.244852941176475,5.630313648897059,2.0
go,b2,"Dual Pod (2 pods, 500m)",2,500,1000,100,40.0,20.0,5.7154197582325965,5.772,12.412999999999997,20.06692,1.271,61.126,2399,results_fibonacci_go_b2,33.244852941176475,5.630313648897059,2.0
go,b2,"Dual Pod (2 pods, 500m)",2,500,1000,100,60.0,31.22,6.033558195408435,5.736,14.0355,23.407200000000007,1.09,68.672,3746,results_fibonacci_go_b2,33.244852941176475,5.630313648897059,2.0
go,b2,"Dual Pod (2 pods, 500m)",2,500,1000,100,80.0,41.55,5.65495407139992,5.52,13.1225,20.825949999999988,1.132,100.243,4986,results_fibonacci_go_b2,33.244852941176475,5.630313648897059,2.0
go,b2,"Dual Pod (2 pods, 500m)",2,500,1000,100,100.0,49.62,5.836709439032583,5.5585,13.181099999999995,22.07878000000002,1.084,70.711,5954,results_fibonacci_go_b2,33.244852941176475,5.630313648897059,2.0
go,b2,"Dual Pod (2 pods, 500m)",2,500,1000,100,120.0,61.23,6.426074169842134,5.424,15.6469,34.26236999999997,0.96,177.922,7348,results_fibonacci_go_b2,33.244852941176475,5.630313648897059,2.0
go,b2,"Dual Pod (2 pods, 500m)",2,500,1000,100,140.0,69.78,6.001543467876761,5.365,14.40129999999999,24.88448000000001,1.009,109.988,8374,results_fibonacci_go_b2,33.244852941176475,5.630313648897059,2.0
go,b2,"Dual Pod (2 pods, 500m)",2,500,1000,100,160.0,80.75,6.172013619479984,5.289,15.033649999999982,25.382210000000025,0.941,164.602,9692,results_fibonacci_go_b2,33.244852941176475,5.630313648897059,2.0
go,b2,"Dual Pod (2 pods, 500m)",2,500,1000,100,180.0,94.7,6.90060835899692,5.634,18.26279999999999,32.218360000000004,0.978,97.442,11365,results_fibonacci_go_b2,33.244852941176475,5.630313648897059,2.0
go,b2,"Dual Pod (2 pods, 500m)",2,500,1000,100,200.0,96.07,6.064497571131159,5.27,15.029199999999998,24.41011,0.958,151.002,11528,results_fibonacci_go_b2,33.244852941176475,5.630313648897059,2.0
go,b2,"Dual Pod (2 pods, 500m)",2,500,1000,100,220.0,115.93,7.650697261553942,5.663,21.796199999999995,41.07375999999998,1.013,88.119,13913,results_fibonacci_go_b2,33.244852941176475,5.630313648897059,2.0
go,b2,"Dual Pod (2 pods, 500m)",2,500,1000,100,240.0,115.95,7.406414115279575,5.641,19.94335,36.14587,1.053,202.952,13914,results_fibonacci_go_b2,33.244852941176475,5.630313648897059,2.0
go,b2,"Dual Pod (2 pods, 500m)",2,500,1000,100,260.0,141.8,15.149163278495887,7.8445,57.96385,105.27116000000044,1.024,219.934,17020,results_fibonacci_go_b2,33.244852941176475,5.630313648897059,2.0
go,b2,"Dual Pod (2 pods, 500m)",2,500,1000,100,280.0,143.05,14.426178789820046,7.302,53.206,99.75349999999996,0.967,252.702,17171,results_fibonacci_go_b2,33.244852941176475,5.630313648897059,2.0
go,b2,"Dual Pod (2 pods, 500m)",2,500,1000,100,300.0,142.42,15.101808648838434,7.845,56.325,109.68863999999996,1.074,238.899,17089,results_fibonacci_go_b2,33.244852941176475,5.630313648897059,2.0
go,b1,"Single Pod (1 pod, 1000m)",1,1000,1000,100,20.0,10.0,6.396303333333333,6.224,14.249549999999992,23.32981,1.607,54.285,1200,results_fibonacci_go_b1,27.88165467625899,2.8836696267985613,1.0
go,b1,"Single Pod (1 pod, 1000m)",1,1000,1000,100,40.0,20.0,5.710405416666666,5.7355,12.068999999999985,19.519549999999963,1.109,42.892,2400,results_fibonacci_go_b1,27.88165467625899,2.8836696267985613,1.0
go,b1,"Single Pod (1 pod, 1000m)",1,1000,1000,100,60.0,31.22,5.920215220293725,5.658,13.009599999999985,21.891239999999996,1.232,84.088,3745,results_fibonacci_go_b1,27.88165467625899,2.8836696267985613,1.0
go,b1,"Single Pod (1 pod, 1000m)",1,1000,1000,100,80.0,41.52,5.537428227263602,5.338,12.84,21.263599999999983,1.03,63.445,4981,results_fibonacci_go_b1,27.88165467625899,2.8836696267985613,1.0
go,b1,"Single Pod (1 pod, 1000m)",1,1000,1000,100,100.0,49.63,5.758328967254408,5.258,13.032800000000002,27.06814,1.038,146.067,5955,results_fibonacci_go_b1,27.88165467625899,2.8836696267985613,1.0
go,b1,"Single Pod (1 pod, 1000m)",1,1000,1000,100,120.0,61.52,6.228796396640477,5.178,15.988699999999996,33.29612999999995,1.016,107.136,7382,results_fibonacci_go_b1,27.88165467625899,2.8836696267985613,1.0
go,b1,"Single Pod (1 pod, 1000m)",1,1000,1000,100,140.0,69.98,5.877671826625387,5.0355,14.3296,28.23188000000026,0.967,96.354,8398,results_fibonacci_go_b1,27.88165467625899,2.8836696267985613,1.0
go,b1,"Single Pod (1 pod, 1000m)",1,1000,1000,100,160.0,80.08,6.719544016649324,5.29,17.297749999999997,35.96601,1.028,160.152,9610,results_fibonacci_go_b1,27.88165467625899,2.8836696267985613,1.0
go,b1,"Single Pod (1 pod, 1000m)",1,1000,1000,100,180.0,95.56,7.156626613184513,5.158,19.7373,47.697269999999975,0.981,188.379,11468,results_fibonacci_go_b1,27.88165467625899,2.8836696267985613,1.0
go,b1,"Single Pod (1 pod, 1000m)",1,1000,1000,100,200.0,95.35,6.659157227757385,4.9745,16.511649999999996,41.21839000000003,0.994,284.925,11442,results_fibonacci_go_b1,27.88165467625899,2.8836696267985613,1.0
go,b1,"Single Pod (1 pod, 1000m)",1,1000,1000,100,220.0,115.32,8.672841546242775,5.424,28.590949999999943,56.949300000000015,1.027,126.801,13840,results_fibonacci_go_b1,27.88165467625899,2.8836696267985613,1.0
go,b1,"Single Pod (1 pod, 1000m)",1,1000,1000,100,240.0,116.81,8.921746397488944,5.4705,28.39375,62.00485999999999,0.987,231.096,14018,results_fibonacci_go_b1,27.88165467625899,2.8836696267985613,1.0
go,b1,"Single Pod (1 pod, 1000m)",1,1000,1000,100,260.0,141.61,19.92914932046832,9.267,67.97499999999997,131.9228000000005,1.022,380.494,16997,results_fibonacci_go_b1,27.88165467625899,2.8836696267985613,1.0
go,b1,"Single Pod (1 pod, 1000m)",1,1000,1000,100,280.0,139.28,21.30593024229734,10.413,72.45609999999998,131.71226000000024,0.979,306.597,16715,results_fibonacci_go_b1,27.88165467625899,2.8836696267985613,1.0
go,b1,"Single Pod (1 pod, 1000m)",1,1000,1000,100,300.0,141.19,21.131450956090653,10.24,75.19419999999992,128.58686999999998,0.961,309.296,16944,results_fibonacci_go_b1,27.88165467625899,2.8836696267985613,1.0
nodejs,b5,"Deca Pod (10 pods, 100m)",10,100,1000,100,20.0,6.67,9.141406666666668,3.87,18.48549999999999,60.4010799999997,1.754,340.787,1200,results_fibonacci_nodejs_b5,35.04422310756972,50.1921999501992,10.0
nodejs,b5,"Deca Pod (10 pods, 100m)",10,100,1000,100,40.0,13.33,6.848366666666667,3.655,16.751349999999988,27.154149999999973,1.158,568.623,2400,results_fibonacci_nodejs_b5,35.04422310756972,50.1921999501992,10.0
nodejs,b5,"Deca Pod (10 pods, 100m)",10,100,1000,100,60.0,20.82,6.090204697091006,3.633,15.0815,24.177119999999995,1.09,141.545,3747,results_fibonacci_nodejs_b5,35.04422310756972,50.1921999501992,10.0
nodejs,b5,"Deca Pod (10 pods, 100m)",10,100,1000,100,80.0,27.67,5.799860240963855,3.574,14.52725,24.38318000000002,1.039,116.621,4980,results_fibonacci_nodejs_b5,35.04422310756972,50.1921999501992,10.0
nodejs,b5,"Deca Pod (10 pods, 100m)",10,100,1000,100,100.0,33.05,5.544225752227264,3.498,13.81019999999999,22.25864,1.023,115.881,5949,results_fibonacci_nodejs_b5,35.04422310756972,50.1921999501992,10.0
nodejs,b5,"Deca Pod (10 pods, 100m)",10,100,1000,100,120.0,41.07,5.795423373461382,3.773,14.5508,25.30332,0.976,110.461,7393,results_fibonacci_nodejs_b5,35.04422310756972,50.1921999501992,10.0
nodejs,b5,"Deca Pod (10 pods, 100m)",10,100,1000,100,140.0,46.17,6.620085779595765,4.43,18.01965,34.02508999999996,1.025,161.592,8312,results_fibonacci_nodejs_b5,35.04422310756972,50.1921999501992,10.0
nodejs,b5,"Deca Pod (10 pods, 100m)",10,100,1000,100,160.0,53.63,6.2009800124275065,4.1805,16.077,28.08860000000002,0.978,183.254,9656,results_fibonacci_nodejs_b5,35.04422310756972,50.1921999501992,10.0
nodejs,b5,"Deca Pod (10 pods, 100m)",10,100,1000,100,180.0,63.77,6.258431533101046,4.4365,15.76305,28.47210999999992,0.968,113.703,11480,results_fibonacci_nodejs_b5,35.04422310756972,50.1921999501992,10.0
nodejs,b5,"Deca Pod (10 pods, 100m)",10,100,1000,100,200.0,63.08,6.9749291186052655,5.034,18.864599999999992,34.06076,0.963,125.448,11357,results_fibonacci_nodejs_b5,35.04422310756972,50.1921999501992,10.0
nodejs,b5,"Deca Pod (10 pods, 100m)",10,100,1000,100,220.0,75.4,7.624315110881898,5.836,21.690999999999995,38.17744000000013,0.975,160.458,13573,results_fibonacci_nodejs_b5,35.04422310756972,50.1921999501992,10.0
nodejs,b5,"Deca Pod (10 pods, 100m)",10,100,1000,100,240.0,77.57,6.651651818963048,5.094,17.824599999999975,29.690869999999947,0.923,212.433,13964,results_fibonacci_nodejs_b5,35.04422310756972,50.1921999501992,10.0
nodejs,b5,"Deca Pod (10 pods, 100m)",10,100,1000,100,260.0,91.13,15.04357239488117,7.718,56.40849999999999,116.23026,0.941,297.688,16410,results_fibonacci_nodejs_b5,35.04422310756972,50.1921999501992,10.0
nodejs,b5,"Deca Pod (10 pods, 100m)",10,100,1000,100,280.0,92.42,14.16694434092685,8.053,50.01059999999999,90.1111599999999,0.935,210.107,16637,results_fibonacci_nodejs_b5,35.04422310756972,50.1921999501992,10.0
nodejs,b5,"Deca Pod (10 pods, 100m)",10,100,1000,100,300.0,95.31,13.058287163343826,7.4095,48.195149999999984,81.88369000000003,1.027,185.814,17154,results_fibonacci_nodejs_b5,35.04422310756972,50.1921999501992,10.0
nodejs,b3,"Quad Pod (4 pods, 250m)",4,250,1000,100,20.0,6.67,6.3203008333333335,3.5155,13.961799999999997,28.2758,1.592,119.736,1200,results_fibonacci_nodejs_b3,29.430291970802923,21.018191149635037,4.0
nodejs,b3,"Quad Pod (4 pods, 250m)",4,250,1000,100,40.0,13.33,5.520069583333333,3.5745,12.929899999999984,19.93341999999999,1.265,33.035,2400,results_fibonacci_nodejs_b3,29.430291970802923,21.018191149635037,4.0
nodejs,b3,"Quad Pod (4 pods, 250m)",4,250,1000,100,60.0,20.82,5.422731251668001,3.447,12.8814,21.47448,1.056,80.23,3747,results_fibonacci_nodejs_b3,29.430291970802923,21.018191149635037,4.0
nodejs,b3,"Quad Pod (4 pods, 250m)",4,250,1000,100,80.0,27.7,5.230915162454874,3.197,12.779,20.14269999999998,0.998,94.199,4986,results_fibonacci_nodejs_b3,29.430291970802923,21.018191149635037,4.0
nodejs,b3,"Quad Pod (4 pods, 250m)",4,250,1000,100,100.0,33.08,5.266225952660735,3.305,13.291799999999997,21.50151999999996,0.982,90.393,5957,results_fibonacci_nodejs_b3,29.430291970802923,21.018191149635037,4.0
nodejs,b3,"Quad Pod (4 pods, 250m)",4,250,1000,100,120.0,40.52,5.953387251542152,3.811,15.654899999999962,31.551879999999976,1.05,94.12,7295,results_fibonacci_nodejs_b3,29.430291970802923,21.018191149635037,4.0
nodejs,b3,"Quad Pod (4 pods, 250m)",4,250,1000,100,140.0,46.62,5.435197807435653,3.628,13.888299999999996,23.17753000000002,0.999,70.881,8392,results_fibonacci_nodejs_b3,29.430291970802923,21.018191149635037,4.0
nodejs,b3,"Quad Pod (4 pods, 250m)",4,250,1000,100,160.0,54.15,5.436189557903375,3.741,13.566000000000004,23.14136000000002,0.933,102.16,9749,results_fibonacci_nodejs_b3,29.430291970802923,21.018191149635037,4.0
nodejs,b3,"Quad Pod (4 pods, 250m)",4,250,1000,100,180.0,63.35,6.58641476674851,4.6495,17.629,33.719839999999955,0.94,95.14,11404,results_fibonacci_nodejs_b3,29.430291970802923,21.018191149635037,4.0
nodejs,b3,"Quad Pod (4 pods, 250m)",4,250,1000,100,200.0,63.43,6.282956917688266,4.421,16.95205,30.90582999999998,0.948,102.158,11420,results_fibonacci_nodejs_b3,29.430291970802923,21.018191149635037,4.0
nodejs,b3,"Quad Pod (4 pods, 250m)",4,250,1000,100,220.0,79.15,5.833467574396407,4.5185,15.092649999999985,24.38653,0.944,58.751,14248,results_fibonacci_nodejs_b3,29.430291970802923,21.018191149635037,4.0
nodejs,b3,"Quad Pod (4 pods, 250m)",4,250,1000,100,240.0,77.72,6.787248231005647,5.022,18.346,39.65050000000007,0.926,129.989,13991,results_fibonacci_nodejs_b3,29.430291970802923,21.018191149635037,4.0
nodejs,b3,"Quad Pod (4 pods, 250m)",4,250,1000,100,260.0,94.56,13.792898660556926,7.3905,49.78109999999997,91.10837000000043,0.939,232.599,17022,results_fibonacci_nodejs_b3,29.430291970802923,21.018191149635037,4.0
nodejs,b3,"Quad Pod (4 pods, 250m)",4,250,1000,100,280.0,97.15,12.41127461406518,6.656,47.3794,88.60353000000008,0.938,1121.077,17490,results_fibonacci_nodejs_b3,29.430291970802923,21.018191149635037,4.0
nodejs,b3,"Quad Pod (4 pods, 250m)",4,250,1000,100,300.0,93.27,15.168073793924956,7.0785,64.25919999999998,120.35605000000004,0.954,290.037,16790,results_fibonacci_nodejs_b3,29.430291970802923,21.018191149635037,4.0
nodejs,b2,"Dual Pod (2 pods, 500m)",2,500,1000,100,20.0,6.67,5.764335833333334,3.3285,12.67335,21.75219,1.428,130.319,1200,results_fibonacci_nodejs_b2,25.96312056737589,11.160862699468085,2.0
nodejs,b2,"Dual Pod (2 pods, 500m)",2,500,1000,100,40.0,13.33,5.518117916666667,3.4835,13.057699999999986,21.74284999999998,1.157,58.254,2400,results_fibonacci_nodejs_b2,25.96312056737589,11.160862699468085,2.0
nodejs,b2,"Dual Pod (2 pods, 500m)",2,500,1000,100,60.0,20.82,5.663904241130968,3.299,13.697399999999998,22.99972,1.04,294.68,3749,results_fibonacci_nodejs_b2,25.96312056737589,11.160862699468085,2.0
nodejs,b2,"Dual Pod (2 pods, 500m)",2,500,1000,100,80.0,27.63,5.201838022508039,3.3855,12.71125,21.24325,1.017,57.103,4976,results_fibonacci_nodejs_b2,25.96312056737589,11.160862699468085,2.0
nodejs,b2,"Dual Pod (2 pods, 500m)",2,500,1000,100,100.0,33.13,4.872781260476031,3.076,11.92675,19.06235000000001,0.978,93.962,5966,results_fibonacci_nodejs_b2,25.96312056737589,11.160862699468085,2.0
nodejs,b2,"Dual Pod (2 pods, 500m)",2,500,1000,100,120.0,41.03,4.976003925815622,3.24,12.1932,19.81178000000008,0.934,56.626,7387,results_fibonacci_nodejs_b2,25.96312056737589,11.160862699468085,2.0
nodejs,b2,"Dual Pod (2 pods, 500m)",2,500,1000,100,140.0,46.58,5.086552998688447,3.413,12.574099999999998,21.388439999999857,0.889,55.419,8387,results_fibonacci_nodejs_b2,25.96312056737589,11.160862699468085,2.0
nodejs,b2,"Dual Pod (2 pods, 500m)",2,500,1000,100,160.0,53.63,5.793629867439934,3.9005,15.4385,29.011750000000024,0.962,107.98,9656,results_fibonacci_nodejs_b2,25.96312056737589,11.160862699468085,2.0
nodejs,b2,"Dual Pod (2 pods, 500m)",2,500,1000,100,180.0,64.12,5.579703976435935,4.071,14.0838,23.8139,0.984,177.39,11543,results_fibonacci_nodejs_b2,25.96312056737589,11.160862699468085,2.0
nodejs,b2,"Dual Pod (2 pods, 500m)",2,500,1000,100,200.0,64.2,5.317445751860183,3.82,13.271,22.330730000000003,0.863,91.156,11558,results_fibonacci_nodejs_b2,25.96312056737589,11.160862699468085,2.0
nodejs,b2,"Dual Pod (2 pods, 500m)",2,500,1000,100,220.0,77.45,6.145268215720024,4.5345,16.679049999999982,32.51621999999999,0.893,148.998,13944,results_fibonacci_nodejs_b2,25.96312056737589,11.160862699468085,2.0
nodejs,b2,"Dual Pod (2 pods, 500m)",2,500,1000,100,240.0,77.4,6.437941011840689,5.147,17.076499999999996,29.16164,0.876,145.333,13935,results_fibonacci_nodejs_b2,25.96312056737589,11.160862699468085,2.0
nodejs,b2,"Dual Pod (2 pods, 500m)",2,500,1000,100,260.0,96.78,13.099902002409776,6.424,50.9302,98.77684000000023,0.944,280.802,17429,results_fibonacci_nodejs_b2,25.96312056737589,11.160862699468085,2.0
nodejs,b2,"Dual Pod (2 pods, 500m)",2,500,1000,100,280.0,94.97,13.037072945305646,6.976,48.425399999999975,87.51406000000033,0.928,214.141,17095,results_fibonacci_nodejs_b2,25.96312056737589,11.160862699468085,2.0
nodejs,b2,"Dual Pod (2 pods, 500m)",2,500,1000,100,300.0,93.93,13.975978181173131,7.375,52.29649999999999,98.10313,1.022,185.153,16912,results_fibonacci_nodejs_b2,25.96312056737589,11.160862699468085,2.0
nodejs,b4,"Octa Pod (8 pods, 125m)",8,125,1000,100,20.0,6.67,8.009009166666667,3.8005,15.774649999999992,33.91777999999997,1.68,540.421,1200,results_fibonacci_nodejs_b4,33.070656370656366,40.61142615830116,8.0
nodejs,b4,"Octa Pod (8 pods, 125m)",8,125,1000,100,40.0,13.33,6.141290833333334,3.4785,14.623999999999976,25.813349999999996,1.043,298.145,2400,results_fibonacci_nodejs_b4,33.070656370656366,40.61142615830116,8.0
nodejs,b4,"Octa Pod (8 pods, 125m)",8,125,1000,100,60.0,20.8,5.629336982643524,3.463,13.304599999999995,22.0016,1.063,54.866,3745,results_fibonacci_nodejs_b4,33.070656370656366,40.61142615830116,8.0
nodejs,b4,"Octa Pod (8 pods, 125m)",8,125,1000,100,80.0,27.68,5.6273969496287375,3.479,14.241599999999998,22.95152000000002,0.921,69.312,4983,results_fibonacci_nodejs_b4,33.070656370656366,40.61142615830116,8.0
nodejs,b4,"Octa Pod (8 pods, 125m)",8,125,1000,100,100.0,33.1,5.551839570397718,3.514,13.663099999999975,22.807920000000003,1.036,83.449,5959,results_fibonacci_nodejs_b4,33.070656370656366,40.61142615830116,8.0
nodejs,b4,"Octa Pod (8 pods, 125m)",8,125,1000,100,120.0,40.95,5.624815814458159,3.62,13.721199999999994,23.9642,1.026,59.428,7373,results_fibonacci_nodejs_b4,33.070656370656366,40.61142615830116,8.0
nodejs,b4,"Octa Pod (8 pods, 125m)",8,125,1000,100,140.0,46.28,6.217356774270971,4.147,16.472199999999997,28.60232000000002,0.999,109.664,8333,results_fibonacci_nodejs_b4,33.070656370656366,40.61142615830116,8.0
nodejs,b4,"Octa Pod (8 pods, 125m)",8,125,1000,100,160.0,53.26,6.38548519290928,4.4425,16.790349999999986,28.105190000000015,0.986,110.637,9590,results_fibonacci_nodejs_b4,33.070656370656366,40.61142615830116,8.0
nodejs,b4,"Octa Pod (8 pods, 125m)",8,125,1000,100,180.0,63.48,6.211064747571967,4.507,16.069600000000005,27.477319999999978,0.916,112.378,11429,results_fibonacci_nodejs_b4,33.070656370656366,40.61142615830116,8.0
nodejs,b4,"Octa Pod (8 pods, 125m)",8,125,1000,100,200.0,63.28,6.370359455901711,4.592,16.431299999999986,27.70407999999994,0.903,113.483,11395,results_fibonacci_nodejs_b4,33.070656370656366,40.61142615830116,8.0
nodejs,b4,"Octa Pod (8 pods, 125m)",8,125,1000,100,220.0,76.65,7.403128197695485,5.644,20.722499999999997,36.56400000000015,0.999,100.234,13799,results_fibonacci_nodejs_b4,33.070656370656366,40.61142615830116,8.0
nodejs,b4,"Octa Pod (8 pods, 125m)",8,125,1000,100,240.0,77.98,6.3372785297050855,4.8835,16.265199999999997,27.91663,0.908,117.206,14038,results_fibonacci_nodejs_b4,33.070656370656366,40.61142615830116,8.0
nodejs,b4,"Octa Pod (8 pods, 125m)",8,125,1000,100,260.0,93.71,14.994606008532829,7.407,59.86325,117.551,0.941,315.507,16876,results_fibonacci_nodejs_b4,33.070656370656366,40.61142615830116,8.0
nodejs,b4,"Octa Pod (8 pods, 125m)",8,125,1000,100,280.0,94.07,13.669643772515206,7.354,50.60139999999999,97.3059200000002,0.983,282.867,16933,results_fibonacci_nodejs_b4,33.070656370656366,40.61142615830116,8.0
nodejs,b4,"Octa Pod (8 pods, 125m)",8,125,1000,100,300.0,95.03,14.049834512187994,7.353,53.100199999999965,106.30711999999968,0.962,304.277,17107,results_fibonacci_nodejs_b4,33.070656370656366,40.61142615830116,8.0
